	gene_name	gene_biotype	baseMean	log2FoldChange	lfcSE	stat	pvalue	padj
ENSG00000091972	CD200	protein_coding	308.88084740748	3.65555301115019	0.254929950433793	14.248283392369	4.59436305741169e-46	8.26112421353196e-42
ENSG00000187601	MAGEH1	protein_coding	502.707700532306	3.16110865447777	0.271322338655061	11.6271837536282	2.99826817857795e-31	2.69559300595051e-27
ENSG00000235304	LINC01281	lincRNA	82.0431763901517	4.88556030787294	0.372592377195933	11.4038437422102	4.00057432541861e-30	2.3978108981784e-26
ENSG00000125538	IL1B	protein_coding	1089.90272451392	-1.86867768771351	0.171313284566576	-10.9057626926163	1.08182212406799e-27	4.86306090321663e-24
ENSG00000003147	ICA1	protein_coding	449.938528586749	3.38240753499936	0.321146300794945	10.5064622093205	8.06629186337633e-26	2.90079987990739e-22
ENSG00000149257	SERPINH1	protein_coding	1233.86635332296	3.53719869901347	0.340128949226845	10.4015845650259	2.43844066962041e-25	7.30760028007409e-22
ENSG00000030419	IKZF2	protein_coding	1314.71701160099	2.59057263312882	0.255193074174722	10.1479478607492	3.38404284971829e-24	8.69263921154066e-21
ENSG00000173110	HSPA6	protein_coding	4420.55165559462	2.76292853059314	0.283862177782389	9.7342617259082	2.15375907477403e-22	4.84084274043899e-19
ENSG00000172817	CYP7B1	protein_coding	53.3035211153061	3.71106957353419	0.369640142901287	9.50728998336226	1.95694085073411e-21	3.90975038189445e-18
ENSG00000140403	DNAJA4	protein_coding	3095.45819752724	2.43494063121583	0.270457408462665	9.00292124065341	2.1979001525011e-19	3.95204426421224e-16
ENSG00000106211	HSPB1	protein_coding	3668.99288686494	2.5167319512552	0.282646092824827	8.90473131334292	5.35155090812193e-19	8.74783971626731e-16
ENSG00000120694	HSPH1	protein_coding	5233.21918062408	1.99048573707458	0.226971224463179	8.76957065734561	1.79348841507677e-18	2.68739293262461e-15
ENSG00000080824	HSP90AA1	protein_coding	40550.5200743155	1.85930225105132	0.213254904995774	8.71878525860586	2.81202314725167e-18	3.88946063159479e-15
ENSG00000164949	GEM	protein_coding	498.042266526409	3.05916161964633	0.351720644887751	8.6922712391661	3.55264669195712e-18	4.56286715486292e-15
ENSG00000253490	LINC02099	lincRNA	71.0666951220979	2.88314459663042	0.334345256976999	8.51393402993302	1.68129691311117e-17	2.01542665297679e-14
ENSG00000115541	HSPE1	protein_coding	661.119069560633	1.79077619062614	0.210638907731843	8.49893368616906	1.91340166444105e-17	2.12762455620892e-14
ENSG00000178381	ZFAND2A	protein_coding	1677.16436783167	1.63238187233838	0.192181784879472	8.4931244796957	2.01154649104897e-17	2.12762455620892e-14
ENSG00000228168	HNRNPA1P21	processed_pseudogene	147.207309125803	2.1804952240456	0.259560903188264	8.37873383520379	5.35001057730268e-17	5.34436334391553e-14
ENSG00000144381	HSPD1	protein_coding	3845.11329832783	1.84976580649416	0.223100868758107	8.29084781869074	1.12444074083764e-16	1.06413520847377e-13
ENSG00000139193	CD27	protein_coding	873.953868633137	2.49880904114511	0.304003748258223	8.21730156977173	2.08133218943895e-16	1.87122170491509e-13
ENSG00000204389	HSPA1A	protein_coding	47155.8184375429	2.30837847956585	0.282211700738301	8.18096037741669	2.81590495001032e-16	2.41108509076836e-13
ENSG00000134460	IL2RA	protein_coding	1645.67958975384	1.89318453257023	0.232766340713307	8.13246949100783	4.20632082272347e-16	3.43790248697231e-13
ENSG00000236060	HSPB1P1	processed_pseudogene	379.696037632824	3.07475724777126	0.380425464569702	8.08363238497732	6.28656435647038e-16	4.91472668233452e-13
ENSG00000179934	CCR8	protein_coding	752.749524940436	2.47550582649021	0.306564515097934	8.07238291817785	6.89392687400981e-16	5.16498746339877e-13
ENSG00000204103	MAFB	protein_coding	151.990604020225	-2.29185418888997	0.284593303351724	-8.03211454379883	9.58068577509044e-16	6.89081243687605e-13
ENSG00000204381	LAYN	protein_coding	376.563775682064	2.29096546307617	0.287220712647642	7.96866978968825	1.60391392122724e-15	1.10922985452257e-12
ENSG00000186265	BTLA	protein_coding	296.467195696702	2.19238394524561	0.275487203882644	7.94941401456626	1.87395796553067e-15	1.24798659919285e-12
ENSG00000197747	S100A10	protein_coding	3980.85593114392	-1.2599031126469	0.160065048212202	-7.87104802920963	3.51682581102501e-15	2.25843017528717e-12
ENSG00000049768	FOXP3	protein_coding	1670.85308030787	2.49313719185368	0.317404066130305	7.85600666647253	3.9657397493264e-15	2.4588953942289e-12
ENSG00000115590	IL1R2	protein_coding	342.682274605332	2.3043871469548	0.293994272687056	7.83005934502898	4.87639735568962e-15	2.92275002842184e-12
ENSG00000197405	C5AR1	protein_coding	723.139460607228	-2.20821083889727	0.28409963821082	-7.77042789028811	7.82214335621103e-15	4.53709547380744e-12
ENSG00000160953	MUM1	protein_coding	215.700965555958	1.4390119185386	0.185204103714579	7.76495590746983	8.16736318287497e-15	4.58929241847734e-12
ENSG00000187922	LCN10	protein_coding	38.3761159131733	4.3164430076243	0.436734511908295	7.71568871008952	1.20330674757227e-14	6.55656322063546e-12
ENSG00000090382	LYZ	protein_coding	3085.34192798363	-1.58946257573282	0.209465555804242	-7.58791007102179	3.25106410853327e-14	1.71933481575108e-11
ENSG00000137441	FGFBP2	protein_coding	522.453763980344	-2.56611083732151	0.339375591369198	-7.55940490355962	4.04917599532289e-14	2.08023524491145e-11
ENSG00000132002	DNAJB1	protein_coding	44156.1544348851	1.91755263724093	0.254080416941525	7.54742746239836	4.43939648843814e-14	2.21735522940573e-11
ENSG00000180739	S1PR5	protein_coding	392.285395629835	-2.61913666151287	0.347965057984402	-7.52301206500071	5.3528481929223e-14	2.60133955018746e-11
ENSG00000147443	DOK2	protein_coding	1194.72288034211	1.45540292504441	0.193540555085017	7.51909192471417	5.51579949804733e-14	2.60998923090498e-11
ENSG00000198932	GPRASP1	protein_coding	282.800781186764	1.54025736518808	0.206177917597713	7.46612273416541	8.25923148766027e-14	3.80792926614408e-11
ENSG00000184005	ST6GALNAC3	protein_coding	37.0377173149111	3.70354756817949	0.452149379305858	7.3743545546395	1.65143156042195e-13	7.42359772198678e-11
ENSG00000198734	F5	protein_coding	1159.60979707917	2.23875316774107	0.304864514812169	7.34307489549696	2.08741638699859e-13	9.15459367185895e-11
ENSG00000197249	SERPINA1	protein_coding	795.924279094954	-1.77802054722483	0.242848765814342	-7.32012319892148	2.47743403619096e-13	1.06063670011308e-10
ENSG00000181847	TIGIT	protein_coding	1723.64900821249	2.1758614797974	0.297947088463051	7.30300009226751	2.81420989736702e-13	1.17679786429201e-10
ENSG00000110777	POU2AF1	protein_coding	136.157266808378	2.5899644891853	0.355692368045869	7.2551445440779	4.01233126762617e-13	1.63967564825423e-10
ENSG00000157557	ETS2	protein_coding	639.476632243152	-1.07086683899676	0.149304056562489	-7.17175244030874	7.40437483767854e-13	2.95862364347329e-10
ENSG00000138185	ENTPD1	protein_coding	968.805407187489	2.38310882042727	0.33531383884368	7.10829621972172	1.17484198769013e-12	4.59235516970786e-10
ENSG00000116667	C1orf21	protein_coding	208.482284368187	-1.99523166743775	0.281179601272978	-7.08687879031453	1.3717042136414e-12	5.24779009903957e-10
ENSG00000164674	SYTL3	protein_coding	3337.64837983063	-1.21544403646042	0.171951024314697	-7.0683673129134	1.56767145597264e-12	5.87256259371752e-10
ENSG00000004478	FKBP4	protein_coding	2482.16658087019	2.23698752360952	0.320506932967246	6.98135520752563	2.92346109106914e-12	1.07279089547988e-09
ENSG00000089012	SIRPG	protein_coding	659.263937498819	2.27927827536721	0.329698024660572	6.91241562256672	4.76469414934996e-12	1.71347930998923e-09
ENSG00000163082	SGPP2	protein_coding	364.064911035591	1.93433296588936	0.281148840572881	6.87572080812343	6.16771906325407e-12	2.17454424463473e-09
ENSG00000143013	LMO4	protein_coding	331.356608646949	-1.48003128242045	0.215262903832599	-6.87281988541937	6.29450225071632e-12	2.17656624942558e-09
ENSG00000177337	DLGAP1-AS1	antisense	127.002300452115	1.95748856790996	0.284332187529205	6.86951145080528	6.44221465538277e-12	2.18561248525354e-09
ENSG00000066294	CD84	protein_coding	1117.91363772837	1.26009949469011	0.184491629289953	6.82956040837265	8.51752250353754e-12	2.83617726177979e-09
ENSG00000247746	USP51	protein_coding	41.5566441796113	2.97690428640152	0.427754151370734	6.79470945580187	1.08531029646176e-11	3.54817535285073e-09
ENSG00000242732	RTL5	protein_coding	306.123827988842	-1.45818740153692	0.21524258498416	-6.77191548928855	1.27088374484469e-11	4.08067153858077e-09
ENSG00000101336	HCK	protein_coding	246.154970160947	-1.59571157641672	0.235855393136132	-6.76132042538244	1.36739726237861e-11	4.31353862716313e-09
ENSG00000177425	PAWR	protein_coding	42.5977093277846	3.11392053790759	0.456014953411099	6.67053165013004	2.54878398129488e-11	7.90166978752815e-09
ENSG00000188158	NHS	protein_coding	73.3735949987946	3.10276442734166	0.474995001953332	6.61032359389969	3.83480840338456e-11	1.16870660849589e-08
ENSG00000140678	ITGAX	protein_coding	316.278274727562	-1.96460587603867	0.297678477440312	-6.59525286484033	4.24531661880879e-11	1.27225063538001e-08
ENSG00000116161	CACYBP	protein_coding	2143.58230056101	1.67691036366014	0.254580483530499	6.58666401979413	4.49818592906471e-11	1.32593247853299e-08
ENSG00000102265	TIMP1	protein_coding	1518.54085452843	-1.40899962329451	0.214188759973575	-6.57783016503056	4.77363021252659e-11	1.36711715750865e-08
ENSG00000106066	CPVL	protein_coding	121.531144947087	-1.52690337651596	0.231871427951697	-6.57732203882848	4.78996612663615e-11	1.36711715750865e-08
ENSG00000138764	CCNG2	protein_coding	435.811284697347	1.69861355852883	0.259470401795993	6.54421990301336	5.9806740805031e-11	1.68028907252385e-08
ENSG00000120594	PLXDC2	protein_coding	231.40951184813	-1.38982602025057	0.212535409824277	-6.53598880089505	6.31906440782371e-11	1.74804764795505e-08
ENSG00000085265	FCN1	protein_coding	104.415946093283	-2.35748504531618	0.360490223251563	-6.51773177642592	7.13784785683164e-11	1.94463094414681e-08
ENSG00000137502	RAB30	protein_coding	578.255831947401	1.78568762722016	0.274418548595195	6.50546191457366	7.74550062804363e-11	2.07868428049034e-08
ENSG00000156234	CXCL13	protein_coding	1394.89205153953	2.46047870941608	0.497890353657458	6.50214334133304	7.91835928581122e-11	2.09382379879664e-08
ENSG00000117155	SSX2IP	protein_coding	122.985385854555	-1.49238117292665	0.22947970733913	-6.49638747561111	8.2271598465594e-11	2.14395016233311e-08
ENSG00000170323	FABP4	protein_coding	145.135857103719	-2.49458203689327	0.385829996318423	-6.45688791811142	1.0687799205165e-10	2.74539025011532e-08
ENSG00000109654	TRIM2	protein_coding	96.0264275782238	2.5140284431713	0.391697533876742	6.39491333465528	1.60638440817647e-10	4.06822507653819e-08
ENSG00000114013	CD86	protein_coding	267.750978321311	-1.67672046126932	0.262166856714577	-6.3920298627594	1.63697917383963e-10	4.08812812844589e-08
ENSG00000133816	MICAL2	protein_coding	625.493128431822	1.42293261292869	0.222784375631168	6.38591728541255	1.70373078342894e-10	4.19654564614188e-08
ENSG00000134198	TSPAN2	protein_coding	258.391487305288	-1.38504819786287	0.217555630305719	-6.36410861877431	1.9642710403243e-10	4.77291318595557e-08
ENSG00000120949	TNFRSF8	protein_coding	65.8717632866278	2.37612905545555	0.372585298541477	6.33826186039664	2.32371651793035e-10	5.57103289452075e-08
ENSG00000204392	LSM2	protein_coding	402.782653240461	1.1299283990041	0.178437886654411	6.3310217268109	2.43543044341223e-10	5.76203615828886e-08
ENSG00000155324	GRAMD2B	protein_coding	283.110242621684	2.03749601985132	0.321879641895473	6.3258549543793	2.51834289923892e-10	5.88082125600195e-08
ENSG00000198053	SIRPA	protein_coding	165.987259391389	-1.3416141336713	0.212216592006004	-6.31785688575968	2.6521544384926e-10	6.11389602032505e-08
ENSG00000216490	IFI30	protein_coding	1330.71154281854	-1.60053730641084	0.254175128813319	-6.29647243493125	3.04495397797554e-10	6.93054651619976e-08
ENSG00000155330	C16orf87	protein_coding	225.109718562803	1.27828147836478	0.203139688098856	6.28972247787627	3.18034014688268e-10	7.14821202263719e-08
ENSG00000181192	DHTKD1	protein_coding	211.496930580298	1.56530142361533	0.248807651911965	6.28625046487752	3.25225095272205e-10	7.21959560257964e-08
ENSG00000162892	IL24	protein_coding	30.2307669668269	3.05365593147329	0.495429487252477	6.27721239389615	3.44697070673669e-10	7.55853418022346e-08
ENSG00000112667	DNPH1	protein_coding	59.0028052377127	2.07724665957026	0.329875767654406	6.26264247350959	3.78507775913128e-10	8.10231942701662e-08
ENSG00000182463	TSHZ2	protein_coding	313.918621269825	1.54141056795686	0.247091099316098	6.2351546174709	4.51332085112584e-10	9.54753202636398e-08
ENSG00000186815	TPCN1	protein_coding	452.572357113078	1.41590500535878	0.227256061972739	6.2287214568194	4.70257010280842e-10	9.83219918820909e-08
ENSG00000149289	ZC3H12C	protein_coding	277.814989113392	1.98430093806599	0.319025403148349	6.21499980160448	5.13247147824109e-10	1.06076976609486e-07
ENSG00000172543	CTSW	protein_coding	1354.15953536667	-1.68635410785888	0.271863046910918	-6.20259249523064	5.55405214053885e-10	1.13485694930715e-07
ENSG00000100450	GZMH	protein_coding	1401.41887344332	-1.6879319126761	0.273497686949742	-6.1712823624398	6.77383255997437e-10	1.36854250854943e-07
ENSG00000138760	SCARB2	protein_coding	826.458936543996	-1.16638358101445	0.18910683868336	-6.16736628302536	6.94367869901744e-10	1.38726985207814e-07
ENSG00000204866	IGFL2	protein_coding	59.1846956973763	2.86903835661562	0.468465218919283	6.16299928863298	7.13798282363932e-10	1.41041834232812e-07
ENSG00000182718	ANXA2	protein_coding	3628.15762101379	-1.24913971859737	0.203696577926875	-6.13225335133312	8.66429762759032e-10	1.69339930045328e-07
ENSG00000204397	CARD16	protein_coding	444.417836873175	1.46332427231437	0.239725898760624	6.1023715790855	1.04506070298151e-09	2.02056306454952e-07
ENSG00000197646	PDCD1LG2	protein_coding	35.2675885859264	2.34525188473614	0.381299093354884	6.06768411212149	1.29767818930932e-09	2.48229271510329e-07
ENSG00000102218	RP2	protein_coding	225.351335049447	-1.14379253934397	0.188804974858601	-6.05607959458027	1.3947900690026e-09	2.63926002816985e-07
ENSG00000139626	ITGB7	protein_coding	1163.07318602793	-1.12695156239879	0.186141098196816	-6.05401068057526	1.41283236664318e-09	2.63926002816985e-07
ENSG00000101695	RNF125	protein_coding	4063.47840781311	-1.30780668919319	0.216065637395023	-6.05276887397074	1.42377077321882e-09	2.63926002816985e-07
ENSG00000204472	AIF1	protein_coding	326.662214057018	-1.38676792250667	0.229265384253651	-6.04684351620848	1.47711096592139e-09	2.71019717124821e-07
ENSG00000100580	TMED8	protein_coding	671.712093947154	1.28710865449315	0.212957864409651	6.04303772299753	1.51239275078439e-09	2.74690242948022e-07
ENSG00000225217	HSPA7	unprocessed_pseudogene	299.482404977367	2.19499307020927	0.363329276898933	6.04015079754309	1.53970262388399e-09	2.76853928800579e-07
ENSG00000123342	MMP19	protein_coding	256.506383622879	-1.67456784239205	0.278316941991697	-6.01344515281959	1.81621398619471e-09	3.23340036492743e-07
ENSG00000136826	KLF4	protein_coding	715.704587193648	-1.32176766385531	0.220407033680852	-5.99614043877993	2.02062291732625e-09	3.54570302172694e-07
ENSG00000204388	HSPA1B	protein_coding	23788.5236543413	2.14858291794292	0.358707482665967	5.99530218585477	2.03107397384948e-09	3.54570302172694e-07
ENSG00000139531	SUOX	protein_coding	65.4393700640275	2.07382385628492	0.344396354101906	5.9929106705971	2.06118086344493e-09	3.5636627986157e-07
ENSG00000204131	NHSL2	protein_coding	294.241657284157	-1.60008740748795	0.267885946348956	-5.97004384513992	2.37189837040476e-09	4.06181948554743e-07
ENSG00000187474	FPR3	protein_coding	113.920009624432	-1.49416081235412	0.250054605221423	-5.96809447385913	2.40040377067372e-09	4.07185473589473e-07
ENSG00000163297	ANTXR2	protein_coding	883.200977582715	-1.11260906318133	0.186784102854711	-5.9562890746043	2.58029757613856e-09	4.33610567444368e-07
ENSG00000146216	TTBK1	protein_coding	34.2906175986538	2.63479935180823	0.437499795435365	5.92533063992465	3.11669649116258e-09	5.18901107477725e-07
ENSG00000206077	ZDHHC11B	protein_coding	126.221904415185	-2.01177072479128	0.339469872307299	-5.91709156556878	3.27684288543094e-09	5.36139783945543e-07
ENSG00000058091	CDK14	protein_coding	85.9321115214847	1.96766561322876	0.331603463652338	5.91693954021803	3.2798718777604e-09	5.36139783945543e-07
ENSG00000124731	TREM1	protein_coding	176.598093157871	-1.78445783448491	0.301434751454506	-5.91454998443979	3.32784169510413e-09	5.39080374051057e-07
ENSG00000189325	C6orf222	protein_coding	9.44284883807811	2.98243096341599	0.492144759614127	5.89122495064334	3.83343294031384e-09	6.15437122319493e-07
ENSG00000007312	CD79B	protein_coding	94.3921343570734	2.06265153212293	0.349550624406862	5.88249692214797	4.04122855555709e-09	6.43056023517451e-07
ENSG00000258955	LINC00519	lincRNA	19.8498204989512	3.18514919682347	0.475370018471226	5.87094808829808	4.3330994640382e-09	6.83451416340972e-07
ENSG00000183570	PCBP3	protein_coding	56.3896596328123	2.56200691755078	0.43615672774487	5.8508751540547	4.88993178028963e-09	7.6457272470772e-07
ENSG00000100628	ASB2	protein_coding	241.161139851439	2.06070638863487	0.353721217905954	5.82335096391204	5.76792511079075e-09	8.94078115664901e-07
ENSG00000104341	LAPTM4B	protein_coding	283.230388604719	1.46201760728267	0.251910295791031	5.80100051627395	6.59203973488189e-09	1.00450395316027e-06
ENSG00000122691	TWIST1	protein_coding	88.8122183210308	2.68553169086276	0.471558784958586	5.79353502494513	6.89201038934315e-09	1.04138856143512e-06
ENSG00000147434	CHRNA6	protein_coding	81.6857087276362	2.48995941543241	0.430169616445205	5.78249193379942	7.36020994307311e-09	1.10286612488665e-06
ENSG00000134072	CAMK1	protein_coding	111.241468876376	1.9241556193002	0.332590500942743	5.77438182876745	7.7236112215475e-09	1.14775416012104e-06
ENSG00000111961	SASH1	protein_coding	48.2148448311456	-2.33914514588196	0.402789107937667	-5.7642354366385	8.20288409335750e-09	1.20898408920214e-06
ENSG00000143226	FCGR2A	protein_coding	513.244537012162	-1.2957367603739	0.22518943665822	-5.75294412016174	8.77024815702107e-09	1.28209619602761e-06
ENSG00000049249	TNFRSF9	protein_coding	1966.55968680207	1.90160528815402	0.331051863375648	5.745645115802	9.1571183760268e-09	1.32785601225272e-06
ENSG00000162616	DNAJB4	protein_coding	241.799840311087	1.92407488370148	0.334788610147869	5.74338607824419	9.28018063889706e-09	1.33493542454406e-06
ENSG00000067840	PDZD4	protein_coding	215.587875670573	-1.60773614053657	0.279823969593904	-5.74150263919648	9.38400960518276e-09	1.33915775167295e-06
ENSG00000179841	AKAP5	protein_coding	179.960998461703	2.23603677806824	0.390614988742709	5.72098891217535	1.05905809495387e-08	1.49944280357209e-06
ENSG00000163735	CXCL5	protein_coding	193.753034599284	-1.82760609034	0.319596054853856	-5.71375587235087	1.105095044475e-08	1.55239953083632e-06
ENSG00000061273	HDAC7	protein_coding	673.307068801989	1.62524872042422	0.284993583601283	5.70182462168265	1.18531746262564e-08	1.65218552678075e-06
ENSG00000115594	IL1R1	protein_coding	1137.98648603494	1.83260398761681	0.321523569322307	5.70021161565785	1.19658796097195e-08	1.65506524047974e-06
ENSG00000255398	HCAR3	protein_coding	39.930579729592	-2.04701361037149	0.357440393859724	-5.68488631889616	1.30899703611406e-08	1.78328255177375e-06
ENSG00000155657	TTN	protein_coding	846.345571182161	2.02377914465702	0.356207103046758	5.68417518967477	1.31445482631755e-08	1.78328255177375e-06
ENSG00000100938	GMPR2	protein_coding	189.769031659232	1.135811827505	0.199753010607292	5.68357997511744	1.31903998323735e-08	1.78328255177375e-06
ENSG00000110583	NAA40	protein_coding	201.63479822859	1.29714329148492	0.228836235495997	5.66564449110132	1.46472933857305e-08	1.96547001767777e-06
ENSG00000151929	BAG3	protein_coding	2636.94261652084	1.55530833237552	0.275612086268977	5.64315508358752	1.66961825037755e-08	2.22380783407694e-06
ENSG00000129422	MTUS1	protein_coding	43.906495922365	1.79813199534112	0.317455225760927	5.63104534262188	1.79120624036222e-08	2.36821172117302e-06
ENSG00000120885	CLU	protein_coding	583.936654182605	-1.61909251312303	0.288727529806643	-5.60674305813341	2.06169375008512e-08	2.70593542483799e-06
ENSG00000205269	TMEM170B	protein_coding	90.0407951133585	-1.65676298061157	0.295976313801191	-5.58808617655496	2.29585713771435e-08	2.99143530385809e-06
ENSG00000066336	SPI1	protein_coding	197.276724386483	-1.65312700368891	0.296624893833363	-5.56857735198893	2.56827610878348e-08	3.32231458359969e-06
ENSG00000182578	CSF1R	protein_coding	282.60833500798	-1.58483074841142	0.284862530470221	-5.5608486030471	2.68466018413818e-08	3.44806248364205e-06
ENSG00000280721	LINC01943	lincRNA	540.329197283717	1.73446792299199	0.312530765839294	5.54895652409886	2.87379623771746e-08	3.66480355676579e-06
ENSG00000115970	THADA	protein_coding	1174.43619258685	1.59242232754865	0.287229111458867	5.54385797604715	2.95878854412745e-08	3.72041795887802e-06
ENSG00000136111	TBC1D4	protein_coding	3330.68896870783	1.82059366041733	0.330591357364711	5.50862589368192	3.61645557079625e-08	4.51579775128384e-06
ENSG00000138180	CEP55	protein_coding	76.1716657729872	1.37882575093947	0.250272939482094	5.49959444575664	3.80665768637067e-08	4.72051805921593e-06
ENSG00000238121	LINC00426	lincRNA	205.345154854234	1.28858009436114	0.234628849825117	5.48944351468251	4.03202030228602e-08	4.89863223347331e-06
ENSG00000123453	SARDH	protein_coding	117.339768028356	1.7581780545975	0.320391596887955	5.47933710678582	4.26922281683464e-08	5.15200640734924e-06
ENSG00000123411	IKZF4	protein_coding	459.495755840065	1.85298278119107	0.338717711094984	5.47035090496384	4.49145411031437e-08	5.38405575717085e-06
ENSG00000124882	EREG	protein_coding	865.024561632352	-1.48044123289366	0.271110433521733	-5.46031731535659	4.75284330017162e-08	5.58567812943698e-06
ENSG00000182534	MXRA7	protein_coding	1019.32421345369	-1.23883916069937	0.226928282453372	-5.45879620357889	4.79373608607706e-08	5.59715380284102e-06
ENSG00000139946	PELI2	protein_coding	234.334379487398	-1.52773966013255	0.279835161852132	-5.45642612505501	4.8581325938963e-08	5.63574723682899e-06
ENSG00000054793	ATP9A	protein_coding	79.4995338989836	2.23478010421854	0.409677573111311	5.44370574873803	5.21833952797019e-08	6.01265090517568e-06
ENSG00000227191	TRGC2	TR_C_gene	662.88089149082	-1.48980780006145	0.273694066441395	-5.44263178890902	5.24990930489173e-08	6.01265090517568e-06
ENSG00000018280	SLC11A1	protein_coding	207.006265728687	-1.92847104422619	0.356446000109368	-5.40769268447108	6.384184464529e-08	7.26544435801873e-06
ENSG00000237372	AL606807.1	lincRNA	27.8454318355633	2.41254054440375	0.44163057550212	5.38341601019424	7.30853580171139e-08	8.16240883543928e-06
ENSG00000107796	ACTA2	protein_coding	177.915996255673	1.21289866163467	0.225533686619992	5.37509281272524	7.65432436800961e-08	8.49582755933215e-06
ENSG00000111424	VDR	protein_coding	679.527081944264	1.40428566360348	0.261346362641182	5.37251344437093	7.76466383003852e-08	8.56542455999525e-06
ENSG00000085514	PILRA	protein_coding	93.1974408747527	-1.79943138846074	0.334394232489223	-5.37039650850236	7.85637094889701e-08	8.61374427025104e-06
ENSG00000105516	DBP	protein_coding	83.7081555610977	1.78995021782069	0.332588727633432	5.36856207756549	7.93668733584752e-08	8.64906515065904e-06
ENSG00000117560	FASLG	protein_coding	155.872926349249	-1.41077794589135	0.262670992749941	-5.36720831583755	7.99646804116524e-08	8.66171637639712e-06
ENSG00000172725	CORO1B	protein_coding	561.772381952098	1.16639995775548	0.217548299901507	5.3607360359653	8.28835527311069e-08	8.92412671651517e-06
ENSG00000104154	SLC30A4	protein_coding	126.338685697611	-1.54537295308624	0.288416742296172	-5.35269556395219	8.66535697420252e-08	9.27451093768664e-06
ENSG00000064886	CHI3L2	protein_coding	66.5678967680758	2.29547565758057	0.428483617412051	5.34857976235628	8.86471070833739e-08	9.43173747021388e-06
ENSG00000225756	DBH-AS1	antisense	150.127043703503	1.72069759591302	0.322169119833508	5.33547669496961	9.529386860963e-08	1.00203453302325e-05
ENSG00000001561	ENPP4	protein_coding	242.477847152242	-1.22837023013175	0.230712791683239	-5.32259079822717	1.02299692992247e-07	1.06944812772883e-05
ENSG00000211896	IGHG1	IG_C_gene	433.271078126386	1.95233074856059	0.493179687671988	5.31785895280447	1.04995408314512e-07	1.09128464560881e-05
ENSG00000143674	MAP3K21	protein_coding	118.183714954167	-1.27744350053515	0.240103464505973	-5.31669725295855	1.05667662904637e-07	1.09195991188981e-05
ENSG00000141540	TTYH2	protein_coding	453.187995577299	-1.55533258175878	0.293193626560333	-5.30389648520512	1.13356608269143e-07	1.15810521209515e-05
ENSG00000277443	MARCKS	protein_coding	121.407279660381	-1.59026594433272	0.300227093760829	-5.29080013370231	1.21782393855624e-07	1.23715775362598e-05
ENSG00000168439	STIP1	protein_coding	2006.69729099064	1.16138822629252	0.220009524740628	5.27863810505676	1.30147556413614e-07	1.30736492283419e-05
ENSG00000142661	MYOM3	protein_coding	18.4850267442543	2.82243639285312	0.490674535341344	5.272263266944	1.34751592654401e-07	1.34609354862155e-05
ENSG00000007264	MATK	protein_coding	173.522888434608	-1.25434790881203	0.238438597503806	-5.25803969897435	1.45599093126948e-07	1.43847104039322e-05
ENSG00000124191	TOX2	protein_coding	761.293373935326	1.71519689232563	0.326663523398914	5.25080018549628	1.51439887746946e-07	1.4873008318106e-05
ENSG00000089159	PXN	protein_coding	2462.18520074108	-1.0630386285727	0.202483989306283	-5.24988299868573	1.52195847312803e-07	1.4873008318106e-05
ENSG00000204936	CD177	protein_coding	232.781410511981	2.11989756344848	0.404726492448717	5.24394122652529	1.57182287695826e-07	1.52772687300467e-05
ENSG00000168329	CX3CR1	protein_coding	405.32827648803	-1.82080319307317	0.348076428995951	-5.23091803669284	1.68670287621549e-07	1.62185050359523e-05
ENSG00000236088	COX10-AS1	processed_transcript	169.31053546688	1.35955367302528	0.259831242921289	5.2287773677923	1.70634692017401e-07	1.63201191338558e-05
ENSG00000166979	EVA1C	protein_coding	208.55734917703	-1.18067498770104	0.225930955799132	-5.22424698806546	1.74865244937019e-07	1.66362538053574e-05
ENSG00000163421	PROK2	protein_coding	126.866232896149	-1.63434283304359	0.312765971895042	-5.21929032771083	1.7961002146337e-07	1.69977252417519e-05
ENSG00000172216	CEBPB	protein_coding	751.918756359218	-1.06605334629104	0.204558297243879	-5.21103953064497	1.87785430123245e-07	1.7678376015948e-05
ENSG00000233999	IGKV3OR2-268	IG_V_gene	10.0415971487882	2.36755335110566	0.497810099841626	5.20967201825804	1.89174745245541e-07	1.77164119492712e-05
ENSG00000160683	CXCR5	protein_coding	285.475405552064	1.94068266804634	0.372831556814576	5.20605947239582	1.92892847337171e-07	1.78783829276787e-05
ENSG00000255197	AC090559.1	antisense	26.2197848118323	-2.19750003596375	0.416991192598294	-5.20045798877769	1.98798051825452e-07	1.83312193326843e-05
ENSG00000067177	PHKA1	protein_coding	24.8864929532119	2.49196254660757	0.474634200033617	5.19663276047663	2.02930690958593e-07	1.86168201741146e-05
ENSG00000133466	C1QTNF6	protein_coding	116.040058318728	1.64358987128086	0.316548965411121	5.18580683977391	2.15081645568906e-07	1.95322377220934e-05
ENSG00000155659	VSIG4	protein_coding	369.531325676676	-1.58601984622563	0.306443885286079	-5.17444416226281	2.28590456773065e-07	2.04798503611387e-05
ENSG00000128791	TWSG1	protein_coding	287.595950458325	-1.10298700913201	0.213125541201483	-5.17416429721058	2.28933314197702e-07	2.04798503611387e-05
ENSG00000214894	LINC00243	lincRNA	20.8961398420975	2.50342162901622	0.472829745461535	5.16388688936541	2.41873888537818e-07	2.14419886027991e-05
ENSG00000179241	LDLRAD3	protein_coding	65.6184408623257	-2.3155784098518	0.449282568918927	-5.16353240939453	2.42332600515209e-07	2.14419886027991e-05
ENSG00000168785	TSPAN5	protein_coding	643.400658343595	1.16466343338892	0.225559297612478	5.16281311274802	2.43265984926924e-07	2.14419886027991e-05
ENSG00000131016	AKAP12	protein_coding	63.3822046774696	-2.43311539689695	0.481090729958734	-5.16089445149662	2.45772726126659e-07	2.15572653096754e-05
ENSG00000143382	ADAMTSL4	protein_coding	70.5635348134324	-1.78536365890584	0.345860202024607	-5.14885882963808	2.62076028701466e-07	2.28429248451099e-05
ENSG00000164938	TP53INP1	protein_coding	1759.63782591479	1.450665037829	0.281780354436833	5.14821910324617	2.62971216447235e-07	2.28429248451099e-05
ENSG00000175505	CLCF1	protein_coding	103.287215900916	-1.35359642051496	0.263228941476533	-5.13701929086094	2.79130312608398e-07	2.4130010341402e-05
ENSG00000137393	RNF144B	protein_coding	193.084473921258	-1.76196731525387	0.343395079584625	-5.12884814968005	2.91520366053295e-07	2.50281621362749e-05
ENSG00000183044	ABAT	protein_coding	158.58754334566	1.0824197633141	0.210964051779105	5.12834283971321	2.92303767789206e-07	2.50281621362749e-05
ENSG00000135114	OASL	protein_coding	1098.81527322888	-1.05416011644084	0.205705390064524	-5.12440164051354	2.98484114900891e-07	2.54362221328574e-05
ENSG00000119772	DNMT3A	protein_coding	274.296085233117	1.10022151603008	0.214693824866694	5.12311562404622	3.00527931854631e-07	2.54895884088591e-05
ENSG00000166927	MS4A7	protein_coding	257.714782481768	-1.59102411549575	0.310684567691921	-5.11910292788471	3.06992391298489e-07	2.59156346851555e-05
ENSG00000069020	MAST4	protein_coding	565.393276524381	1.18182058623308	0.230994832029221	5.11558005821893	3.12778246351862e-07	2.62806805965085e-05
ENSG00000091181	IL5RA	protein_coding	93.3617743613533	-1.89561150939425	0.371356034864665	-5.09718089537641	3.44748862876947e-07	2.86987467749555e-05
ENSG00000134531	EMP1	protein_coding	478.899554197715	-1.33647399404245	0.262963068979015	-5.08162517755204	3.74219278727655e-07	3.08662240862475e-05
ENSG00000073111	MCM2	protein_coding	101.945390468174	1.50388090677169	0.296422990486224	5.06652086666563	4.0515235684401e-07	3.32650435087313e-05
ENSG00000116771	AGMAT	protein_coding	40.9103172493678	1.56315125366654	0.30746473554206	5.06122178786876	4.16578278703005e-07	3.40477001334488e-05
ENSG00000174175	SELP	protein_coding	45.7952099526206	1.99147632357359	0.392070236018131	5.05355730339662	4.3365612535292e-07	3.52831257464744e-05
ENSG00000186891	TNFRSF18	protein_coding	333.668486598927	1.26489431483599	0.250739099910533	5.04331053046275	4.57545807143373e-07	3.67394971920575e-05
ENSG00000196358	NTNG2	protein_coding	167.916811327431	1.69241952502471	0.335298757265372	5.04325204265036	4.57685744453639e-07	3.67394971920575e-05
ENSG00000277632	CCL3	protein_coding	644.310937523818	-1.28525060507032	0.254901556037878	-5.04151713657507	4.61855487317085e-07	3.69094378553267e-05
ENSG00000115919	KYNU	protein_coding	261.872654094593	-1.59175957878632	0.315850635488055	-5.03747111175487	4.71722727577805e-07	3.75311786043208e-05
ENSG00000185697	MYBL1	protein_coding	597.840759534928	-1.67998250519723	0.33368232764888	-5.03496964137717	4.7792457008716e-07	3.78570999768159e-05
ENSG00000124508	BTN2A2	protein_coding	310.389992016386	1.13806162496509	0.226041579080642	5.03356307260344	4.81446311477212e-07	3.79687988011919e-05
ENSG00000232453	AC105277.1	lincRNA	12.389644366078	2.3898956512279	0.498057184097734	5.02603413668737	5.00726793939452e-07	3.93168929337348e-05
ENSG00000155465	SLC7A7	protein_coding	179.507704752803	-1.39500278918801	0.278424309034704	-5.00846785800311	5.48650355411906e-07	4.28925306115717e-05
ENSG00000100097	LGALS1	protein_coding	1149.8815990771	-1.16263354768091	0.232159679011468	-5.00762247333289	5.51064869853543e-07	4.28947940469115e-05
ENSG00000162595	DIRAS3	protein_coding	14.4303766909886	2.48682061741427	0.472526033251389	5.00613900680356	5.55326601801459e-07	4.30402052887587e-05
ENSG00000074706	IPCEF1	protein_coding	867.508559625449	1.22754721309941	0.245578149470168	4.99810368455155	5.78968534715266e-07	4.44890308663042e-05
ENSG00000140511	HAPLN3	protein_coding	481.196871670209	1.17584243396673	0.236031055472869	4.98083332640545	6.33110511035317e-07	4.82371190632459e-05
ENSG00000158869	FCER1G	protein_coding	673.783121689132	-1.46342210013417	0.294046147758498	-4.97638402664765	6.47830603199422e-07	4.91503885068726e-05
ENSG00000026652	AGPAT4	protein_coding	570.343152591799	-1.33791319198683	0.269005153232416	-4.97308882605256	6.58944493879015e-07	4.9783533379994e-05
ENSG00000011422	PLAUR	protein_coding	1407.94716013991	-1.05373635876219	0.212282825752651	-4.96366741683486	6.91743588027298e-07	5.18260060679952e-05
ENSG00000211445	GPX3	protein_coding	68.6515449824938	-1.91041423133286	0.384519616674253	-4.95502389739588	7.23214000661129e-07	5.39589665804472e-05
ENSG00000150687	PRSS23	protein_coding	162.374597797118	-1.85918161075762	0.375473024988161	-4.94830923536251	7.48609094367853e-07	5.52412032048104e-05
ENSG00000071282	LMCD1	protein_coding	181.449566989832	1.95998652747064	0.396165094263992	4.94805436549103	7.49589749461077e-07	5.52412032048104e-05
ENSG00000162104	ADCY9	protein_coding	227.699363990037	-1.50715385159527	0.304476295257491	-4.94804742776908	7.49616460818293e-07	5.52412032048104e-05
ENSG00000167414	GNG8	protein_coding	19.219761369856	2.38622848000525	0.474396809514595	4.94439121163606	7.63821805291354e-07	5.60582852283422e-05
ENSG00000157985	AGAP1	protein_coding	169.780220618582	-1.57908639493438	0.319405671414003	-4.93990492635852	7.81606711088218e-07	5.71303669596636e-05
ENSG00000100591	AHSA1	protein_coding	901.357817396632	1.17339144760453	0.237894879670865	4.93198067443131	8.1399971885249e-07	5.9257202205209e-05
ENSG00000178199	ZC3H12D	protein_coding	2321.86387068566	1.0688708066148	0.217101775319717	4.92326748273207	8.51109904784897e-07	6.17088999916824e-05
ENSG00000128383	APOBEC3A	protein_coding	77.9309660185707	-2.2539616619512	0.460873720683621	-4.92144781659193	8.59063094254836e-07	6.20353955734787e-05
ENSG00000005102	MEOX1	protein_coding	19.2404133096639	2.38578124639744	0.476770437334775	4.91659139645722	8.80640929130526e-07	6.3339218186784e-05
ENSG00000171492	LRRC8D	protein_coding	563.844738463332	1.01525074141657	0.206632197951011	4.91271395584329	8.98242770969748e-07	6.40924732730438e-05
ENSG00000260876	LINC01229	lincRNA	15.1436417936381	2.5042534298351	0.497510577287956	4.90403300246286	9.38887045005341e-07	6.67277784831662e-05
ENSG00000240350	AC017002.3	lincRNA	56.8347195777397	1.77371152118956	0.361007236078277	4.89663405291761	9.74921493869851e-07	6.901599756407e-05
ENSG00000105429	MEGF8	protein_coding	74.3111433018585	2.08941679006647	0.427971087381852	4.88237129681966	1.04817651745384e-06	7.36221170325681e-05
ENSG00000211675	IGLC1	IG_C_gene	42.031590662924	1.64510377551857	0.481421775279859	4.8761359123348	1.08184083757714e-06	7.56143168167143e-05
ENSG00000233392	AC104809.2	processed_transcript	13.6200862192943	-2.55830168322686	0.492073699474891	-4.87556940047594	1.08495043316347e-06	7.56143168167143e-05
ENSG00000186827	TNFRSF4	protein_coding	639.279663640203	1.25293939440935	0.25710877517959	4.87253060342094	1.1017778242722e-06	7.64906064024649e-05
ENSG00000117318	ID3	protein_coding	291.876353814453	1.58505990133057	0.325890527511303	4.86214368164685	1.1612128237607e-06	8.01015968613103e-05
ENSG00000169252	ADRB2	protein_coding	300.54770905563	-1.45664784040295	0.299505514556518	-4.86189031896374	1.16270044940782e-06	8.01015968613103e-05
ENSG00000162777	DENND2D	protein_coding	1138.95275581922	1.18806868013309	0.244465573299287	4.85957983522604	1.1763513897148e-06	8.07327264826785e-05
ENSG00000165140	FBP1	protein_coding	432.326038909753	-1.48647361741346	0.306130688696982	-4.85506659296047	1.20346293815882e-06	8.22793425514594e-05
ENSG00000237352	LINC01358	lincRNA	87.4112638777939	1.85680101398888	0.492088098057532	4.8489703878242	1.2410394385115e-06	8.42400145741123e-05
ENSG00000163492	CCDC141	protein_coding	115.672744922304	1.5203470258876	0.313660937764655	4.84162343831355	1.28782636724738e-06	8.64046452751964e-05
ENSG00000163814	CDCP1	protein_coding	53.4709101965538	-1.61181998525962	0.331975671384867	-4.84162310350384	1.28782853755368e-06	8.64046452751964e-05
ENSG00000254087	LYN	protein_coding	1082.12448210725	-1.65697140807812	0.342372694746415	-4.84070589824273	1.29378727807951e-06	8.64817436696941e-05
ENSG00000196440	ARMCX4	protein_coding	43.1943630706851	1.46796020165086	0.302972499438047	4.82938331366593	1.36956542349003e-06	9.12079847399046e-05
ENSG00000171368	TPPP	protein_coding	539.120954579989	-1.73198178790347	0.359022717485866	-4.82577514987012	1.39459779091772e-06	9.25323353449873e-05
ENSG00000235162	C12orf75	protein_coding	1191.6370706837	-1.20150023621954	0.249127715736767	-4.82261582734381	1.4168770247511e-06	9.3324212000206e-05
ENSG00000182162	P2RY8	protein_coding	4172.72443110762	-1.00629601035434	0.208660303969058	-4.82261078631902	1.41691284556233e-06	9.3324212000206e-05
ENSG00000170365	SMAD1	protein_coding	48.5142723192858	2.24459510589291	0.468523574373486	4.819812041093	1.43693537077723e-06	9.42975726348373e-05
ENSG00000173391	OLR1	protein_coding	526.184556906513	-1.31692791513438	0.273300611284689	-4.81794490014469	1.45044409792756e-06	9.4837946635765e-05
ENSG00000188859	FAM78B	protein_coding	24.1516029134968	1.99373229150818	0.409042308511887	4.81602454705275	1.46446516198624e-06	9.54077828901256e-05
ENSG00000276600	RAB7B	protein_coding	46.5196482511565	-1.79810435002145	0.37242744611962	-4.80979784031526	1.51083019198797e-06	9.80730602243167e-05
ENSG00000026025	VIM	protein_coding	30546.2690486526	-1.04679629196463	0.217715353422814	-4.80811610195281	1.52359275646585e-06	9.8545760266232e-05
ENSG00000103569	AQP9	protein_coding	269.367034505778	-1.48806146033196	0.309776124087192	-4.80202724018284	1.57067319549414e-06	0.000101226791140431
ENSG00000136869	TLR4	protein_coding	103.003205888746	-1.70446277134876	0.355120971779922	-4.7959430739025	1.61911259975154e-06	0.000103975941629044
ENSG00000157827	FMNL2	protein_coding	159.721267424693	-1.39566945067423	0.291150742803333	-4.79117399053334	1.65808261275786e-06	0.0001060995852669
ENSG00000204241	AP000911.1	lincRNA	20.4616694449193	2.12015220422899	0.435809217279321	4.78830866258133	1.68192818466029e-06	0.000107243796767293
ENSG00000115896	PLCL1	protein_coding	218.92382708655	1.29566298938264	0.270531182410368	4.78703019885313	1.69267372218167e-06	0.000107547583740455
ENSG00000176463	SLCO3A1	protein_coding	431.841258508026	-1.21147164297481	0.253118564557761	-4.78538101692234	1.70663264584625e-06	0.000108052681707611
ENSG00000245060	LINC00847	lincRNA	106.941085899688	1.41509685006407	0.29637780998335	4.76908471973841	1.85064824699316e-06	0.000116351420032112
ENSG00000122641	INHBA	protein_coding	127.532072686355	-1.90842985502585	0.401116859015647	-4.75731838153633	1.9618162464292e-06	0.000122779908471095
ENSG00000137474	MYO7A	protein_coding	653.456688335272	1.92671280321994	0.405798169287661	4.75683124146263	1.96655434289948e-06	0.000122779908471095
ENSG00000166928	MS4A14	protein_coding	63.1063148955553	-1.9348548563144	0.405989663991002	-4.75461401925744	1.98825906658602e-06	0.000123705488845271
ENSG00000069702	TGFBR3	protein_coding	2630.15311444477	-1.41028410981999	0.296966020353317	-4.74929614244006	2.04125844676262e-06	0.000126565062521513
ENSG00000019169	MARCO	protein_coding	94.5491899732082	-1.9122388132056	0.403299955789951	-4.73831024296476	2.15507700180158e-06	0.000133163022575238
ENSG00000143842	SOX13	protein_coding	109.275680211308	-1.868878793984	0.394345684891539	-4.73515344262111	2.18889431161981e-06	0.000134789413072725
ENSG00000171813	PWWP2B	protein_coding	32.9781213910693	-1.52678680989891	0.321220211983511	-4.72974079723499	2.24806672280175e-06	0.000137491454907137
ENSG00000161921	CXCL16	protein_coding	1109.96037060894	-1.02010629745415	0.215723639423412	-4.72850673525385	2.26177124567142e-06	0.000137860707689552
ENSG00000198796	ALPK2	protein_coding	73.7673440878712	2.02131505862956	0.427917822025362	4.72424299652497	2.30974106713151e-06	0.000140308966648959
ENSG00000151208	DLG5	protein_coding	208.145235998949	-1.01295000679279	0.214651894047311	-4.71807169711838	2.38090592008413e-06	0.000143661306540378
ENSG00000165507	DEPP1	protein_coding	26.5713594296929	2.12585069415422	0.446112276600668	4.71570271408289	2.40877931044037e-06	0.000144783201254455
ENSG00000175575	PAAF1	protein_coding	76.0124765337016	1.4359746520789	0.304040734679015	4.71512676039132	2.41560315757391e-06	0.000144783201254455
ENSG00000171049	FPR2	protein_coding	37.2418355462665	-2.00052891208914	0.422962709637492	-4.70947680733168	2.48353470866137e-06	0.000147761507319007
ENSG00000072840	EVC	protein_coding	165.266533842529	1.77949512279705	0.377905339086553	4.70697303227509	2.51422153343946e-06	0.000148223663582869
ENSG00000147475	ERLIN2	protein_coding	94.7613876569996	1.22537298734496	0.260136567622929	4.70567355119429	2.53029140595113e-06	0.000148416455275401
ENSG00000246223	LINC01550	lincRNA	118.442508390742	1.48786581654743	0.315875858927396	4.70537479308229	2.53399987595508e-06	0.000148416455275401
ENSG00000136689	IL1RN	protein_coding	491.382762621961	-1.32269517635336	0.281342300190661	-4.70080775702479	2.59134387598975e-06	0.000151282318942116
ENSG00000108691	CCL2	protein_coding	136.350911754599	-1.50041075437494	0.319349820265889	-4.69528901320939	2.66230036765814e-06	0.000154921756993078
ENSG00000007237	GAS7	protein_coding	188.297924386079	-1.66320942937344	0.354622460246101	-4.68732204448756	2.7680321008296e-06	0.000160554790983926
ENSG00000123080	CDKN2C	protein_coding	95.9676459602064	1.45378459282608	0.310912401221668	4.66991601350722	3.01322901909999e-06	0.000174215019268286
ENSG00000173369	C1QB	protein_coding	343.147415406651	-1.23869002672107	0.265421239155727	-4.66600848462129	3.07107024823037e-06	0.00017699010940202
ENSG00000165424	ZCCHC24	protein_coding	103.738168511007	-1.42738659348807	0.305637554257171	-4.6652024022153	3.08313409837797e-06	0.000177117681223432
ENSG00000116717	GADD45A	protein_coding	987.086478044107	1.11304980008786	0.238668503204327	4.66333283354509	3.11128934643532e-06	0.000178165903625011
ENSG00000000938	FGR	protein_coding	274.475638866993	-1.79654991558449	0.385602341548739	-4.66090439636059	3.14822942963211e-06	0.000179708931346714
ENSG00000182782	HCAR2	protein_coding	33.7372117035272	-1.83606422391632	0.391626585783498	-4.66018426412284	3.15926432442455e-06	0.000179768138662905
ENSG00000197766	CFD	protein_coding	20.0799889514704	-1.85927527231461	0.394408654592227	-4.65616158458365	3.2215912732247e-06	0.000182736380706162
ENSG00000254802	AC022182.2	lincRNA	19.8946104480355	2.16509029554422	0.457247193982176	4.65494034631998	3.24074521264522e-06	0.000183244778831993
ENSG00000166484	MAPK7	protein_coding	236.829668058671	-1.12112948719009	0.24116263673988	-4.64769242836974	3.35668912405364e-06	0.000188614459811276
ENSG00000227507	LTB	protein_coding	826.519432173351	1.07001257103128	0.230400605187131	4.64382240742574	3.4202158676323e-06	0.000191585362977871
ENSG00000166780	C16orf45	protein_coding	49.5448478365351	1.80115611411739	0.386944717998815	4.63700871449361	3.53487514101201e-06	0.000196782012106926
ENSG00000176170	SPHK1	protein_coding	56.6480587452289	-1.52339570787657	0.327813296266343	-4.63597223214154	3.55263659840331e-06	0.000197160366283611
ENSG00000127951	FGL2	protein_coding	925.349633004502	-1.14694478744362	0.247614386324402	-4.63184321530302	3.62424573541186e-06	0.000200515577133663
ENSG00000137462	TLR2	protein_coding	126.68239064172	-1.32307269564689	0.28555068197368	-4.63065134478622	3.64517228498045e-06	0.000201054732687833
ENSG00000160191	PDE9A	protein_coding	41.5234290551019	1.66320891582764	0.357855567295375	4.62827097736973	3.68731338704782e-06	0.000202757131536718
ENSG00000173372	C1QA	protein_coding	135.517783191687	-1.35680500214012	0.293026665196617	-4.62706002206943	3.70893051619626e-06	0.000203324023206479
ENSG00000079435	LIPE	protein_coding	43.5212805652044	1.63368259449114	0.351874281908913	4.62475865343142	3.75034824877861e-06	0.000204969640915769
ENSG00000235505	AP002004.1	transcribed_unprocessed_pseudogene	127.685899888096	1.32483030740337	0.286476487750913	4.62105149925746	3.81799976121687e-06	0.000208034708201335
ENSG00000104974	LILRA1	protein_coding	40.7032157152706	-2.02831306942894	0.43785283871742	-4.61720669588409	3.88939829861983e-06	0.000211284806064904
ENSG00000211899	IGHM	IG_C_gene	155.939018718062	1.58670946340959	0.343493724348911	4.61647869578019	3.90306069578718e-06	0.000211388356539004
ENSG00000184489	PTP4A3	protein_coding	231.291138585777	1.26049987971827	0.273390893798298	4.60889148518461	4.04821538293013e-06	0.000218591473875275
ENSG00000131042	LILRB2	protein_coding	382.304586882337	-1.72708936642828	0.375125763940533	-4.60557771581669	4.11322332519771e-06	0.000220775727195164
ENSG00000214491	SEC14L6	protein_coding	32.3234835690096	2.20255169328417	0.493397157312818	4.59795153763961	4.26665204344675e-06	0.000228329376170286
ENSG00000180644	PRF1	protein_coding	1633.32984081878	-1.76284426906203	0.383921953364286	-4.59619101732976	4.30284262967901e-06	0.000229582828855366
ENSG00000138795	LEF1	protein_coding	1381.53126863465	1.09832157573925	0.239061479298916	4.59413522660571	4.34547531598801e-06	0.000231171572949054
ENSG00000174792	ODAPH	protein_coding	15.1004518194595	2.2905025801528	0.493919205212926	4.59321963615046	4.36459269123147e-06	0.000231503661300982
ENSG00000007402	CACNA2D2	protein_coding	169.255689264473	-1.52846147121047	0.332903220208275	-4.58871146263271	4.45990376047127e-06	0.00023409710774285
ENSG00000115339	GALNT3	protein_coding	236.788954468214	-1.29316124771585	0.281777608936616	-4.5879707020373	4.47575432205552e-06	0.00023409710774285
ENSG00000144152	FBLN7	protein_coding	422.165452389361	1.39650380240041	0.304339475965773	4.58784675697327	4.4784117244958e-06	0.00023409710774285
ENSG00000169896	ITGAM	protein_coding	580.532577542102	-1.76896273867508	0.386789333682216	-4.57738578908951	4.70822690695743e-06	0.000245350784961929
ENSG00000105246	EBI3	protein_coding	43.7202651662884	2.16115291744133	0.476847134993528	4.57636519115275	4.73124347055351e-06	0.000245350784961929
ENSG00000151640	DPYSL4	protein_coding	33.9154510149581	-2.08300354179033	0.454625935932552	-4.57620721507989	4.73481577119123e-06	0.000245350784961929
ENSG00000163362	INAVA	protein_coding	53.1705082699264	2.06038648023676	0.450927238771237	4.5752986419198	4.75541147691015e-06	0.000245709924615866
ENSG00000088827	SIGLEC1	protein_coding	80.2858714664485	-1.35907628489859	0.296804585152598	-4.57365391013976	4.7929130233505e-06	0.00024693802026609
ENSG00000282218	AL132671.2	protein_coding	8.09099111065894	1.9196147002937	0.491967022530299	4.57199716537131	4.83097475951475e-06	0.000248187877573814
ENSG00000103313	MEFV	protein_coding	51.0346206075123	-1.8658721948114	0.40711311744353	-4.56837790213065	4.91513254983211e-06	0.000251792018172454
ENSG00000178695	KCTD12	protein_coding	246.363318160265	-1.1209515340423	0.246027752106453	-4.5552120910983	5.23327488483564e-06	0.000267328169614289
ENSG00000259768	AC004943.2	antisense	39.8884917308177	1.80260284178341	0.394001102825994	4.5533388692384	5.28011169262804e-06	0.000268956624207209
ENSG00000139438	FAM222A	protein_coding	158.661280205121	-1.38896842477293	0.305116667996707	-4.54947176469395	5.37807493765648e-06	0.000273172783768365
ENSG00000206337	HCP5	sense_overlapping	1532.35290503272	1.02951772663497	0.226480240993201	4.54558149292142	5.47837952348752e-06	0.000277483780878392
ENSG00000170458	CD14	protein_coding	191.467708160154	-1.23527135359199	0.271783086311099	-4.54344812054684	5.53414302273352e-06	0.000279520858684751
ENSG00000181036	FCRL6	protein_coding	241.617935970345	-1.39356248710384	0.306929766221346	-4.53876446862443	5.65847958262145e-06	0.00028500033998632
ENSG00000183019	MCEMP1	protein_coding	48.7860718999109	-1.79910682207004	0.395532185331918	-4.53408845910054	5.78527813077888e-06	0.000288158133156607
ENSG00000146859	TMEM140	protein_coding	281.462580649562	1.17804781979836	0.259946578908218	4.530769182814	5.87693202297753e-06	0.00029121977330977
ENSG00000197329	PELI1	protein_coding	2225.74594369999	1.05898916215306	0.233733531453092	4.53068991006249	5.87913785170161e-06	0.00029121977330977
ENSG00000162894	FCMR	protein_coding	2461.1142190209	1.09567812561911	0.242122353875941	4.52521987355074	6.03327473487337e-06	0.00029803382694439
ENSG00000185215	TNFAIP2	protein_coding	222.765751400312	-1.1401554006541	0.25244150670443	-4.51500330556861	6.33157782062576e-06	0.000311090067820186
ENSG00000124721	DNAH8	protein_coding	34.8136422098914	2.10630350999272	0.468174275138003	4.51188284868867	6.42546767059115e-06	0.000314812899686374
ENSG00000137648	TMPRSS4	protein_coding	21.2268627877152	2.12372923401786	0.467762731348026	4.50290383609338	6.70312192286176e-06	0.000327184527794977
ENSG00000145882	PCYOX1L	protein_coding	197.914549527659	1.25302743328801	0.278190993466526	4.50197259844481	6.73256633580677e-06	0.000327184527794977
ENSG00000148737	TCF7L2	protein_coding	172.662102905812	-1.75520972894988	0.391112046936287	-4.48911685995086	7.15190571487832e-06	0.000345694668438782
ENSG00000275302	CCL4	protein_coding	3081.4475533927	-1.19508508191774	0.266395169143719	-4.48615139713295	7.25212185916029e-06	0.000349014891095389
ENSG00000139880	CDH24	protein_coding	79.7998709758973	1.53913401725186	0.342925231452309	4.48098474588297	7.42994222810411e-06	0.000354491740025206
ENSG00000105419	MEIS3	protein_coding	26.079731879766	-1.95414817421507	0.433171548667576	-4.48060253473012	7.44326109283439e-06	0.000354491740025206
ENSG00000128567	PODXL	protein_coding	114.634299804344	-1.88235655436443	0.42038649480348	-4.48034658950706	7.45219274398131e-06	0.000354491740025206
ENSG00000196209	SIRPB2	protein_coding	25.9953555172864	-1.91677539598991	0.425237153259959	-4.47680461477065	7.57685322151535e-06	0.000358524730989651
ENSG00000163710	PCOLCE2	protein_coding	31.9635373307162	-2.00554431461352	0.446448504581785	-4.47176848895254	7.75753842860347e-06	0.000364199212753835
ENSG00000139116	KIF21A	protein_coding	458.000112523408	-1.15011699731432	0.257348218415893	-4.46871449283063	7.86910796329272e-06	0.000368475078874913
ENSG00000107338	SHB	protein_coding	109.905814944977	-1.43588968047044	0.321144641348715	-4.46649970063322	7.95097734555816e-06	0.00037134161987138
ENSG00000038427	VCAN	protein_coding	363.971705312371	-1.5537381626163	0.348156022214256	-4.46244238347678	8.10307203810788e-06	0.000377464607039425
ENSG00000143318	CASQ1	protein_coding	13.9746052447973	2.13619551216764	0.46735117336768	4.46167952842811	8.13197772734752e-06	0.000377832277817664
ENSG00000162849	KIF26B	protein_coding	7.39052530794582	2.12939989930587	0.497915262294476	4.46034261479203	8.18287322287398e-06	0.000379217122217776
ENSG00000280433	FP565260.7	protein_coding	298.402540430667	-1.25164848077363	0.28059758395009	-4.45949124162501	8.21544302455332e-06	0.000379747766129803
ENSG00000138311	ZNF365	protein_coding	175.916512955516	-1.15460719888337	0.259076248993976	-4.45499131399639	8.38965913342599e-06	0.00038680630994393
ENSG00000112659	CUL9	protein_coding	562.876101267427	1.21284089148405	0.272799713148907	4.44531935806404	8.77613978145605e-06	0.000398494367197882
ENSG00000230099	TRBV5-4	TR_V_gene	94.6992471387332	1.48247822778097	0.333811577169134	4.43483410585951	9.21432160909233e-06	0.000415244904393707
ENSG00000135423	GLS2	protein_coding	13.0831185714687	2.09762620144779	0.460566726632859	4.42460413541791	9.66192893953334e-06	0.000432167025526739
ENSG00000213145	CRIP1	protein_coding	2588.55483035945	-1.05725527794295	0.239330403670223	-4.41749099540965	9.98532290716655e-06	0.000445523799488243
ENSG00000057704	TMCC3	protein_coding	363.026410900876	-1.53257535656706	0.346972807476489	-4.41688243940218	1.00134654922856e-05	0.000445673571823733
ENSG00000105088	OLFM2	protein_coding	21.948355158631	2.00864391933099	0.450804868152866	4.41576755082667	1.0065219993071e-05	0.00044687091529731
ENSG00000135378	PRRG4	protein_coding	63.8048808392478	1.31762568057678	0.297907116919532	4.414590105218	1.0120155812564e-05	0.000448203255334268
ENSG00000178726	THBD	protein_coding	700.573753942017	-1.52078931523586	0.346099894013242	-4.39461812117992	1.10967652291702e-05	0.000489046410749285
ENSG00000213533	STIMATE	protein_coding	559.921019182397	1.16312049059313	0.264715059796029	4.39349050521749	1.11545063252951e-05	0.000490088338883576
ENSG00000140090	SLC24A4	protein_coding	25.2499508914459	-2.01463942451804	0.455793689383383	-4.39118143508593	1.12736417102193e-05	0.000493214967375799
ENSG00000172965	MIR4435-2HG	lincRNA	1068.86414403739	1.32131282344455	0.301274941600744	4.38573929895725	1.15592499826008e-05	0.000504482703730936
ENSG00000167850	CD300C	protein_coding	25.3635841962845	-1.94290950402402	0.440346400102065	-4.3778057735516	1.19880107696359e-05	0.00052192838171628
ENSG00000254539	AC239804.1	lincRNA	27.6583734184595	1.58652083529169	0.360253121652071	4.37534534270763	1.21240377771899e-05	0.000526575660076454
ENSG00000142687	KIAA0319L	protein_coding	1156.56335531985	1.11077498244915	0.254107295789561	4.37106653062848	1.23641108552619e-05	0.000535708619972201
ENSG00000012779	ALOX5	protein_coding	323.782920155839	-1.26230364269263	0.28949649354168	-4.35931936744318	1.30467593337363e-05	0.000563927354759405
ENSG00000240505	TNFRSF13B	protein_coding	8.06200693011799	2.39367715802055	0.489036976552986	4.3582953343508	1.31079422542213e-05	0.000565213212645452
ENSG00000229852	AC019205.1	antisense	58.5510405283391	1.2737672724897	0.292211110094757	4.35140524947186	1.35267774905083e-05	0.000581700019624794
ENSG00000135363	LMO2	protein_coding	28.7142385321609	-1.5757169060967	0.360389659460463	-4.3481250297245	1.37306325545565e-05	0.000586438251694728
ENSG00000167703	SLC43A2	protein_coding	295.920780749992	-1.11253921045326	0.256056439783726	-4.3439285827176	1.39957031125214e-05	0.00059634298025177
ENSG00000044090	CUL7	protein_coding	92.010726544861	1.37455030730987	0.316295549662198	4.34032518895141	1.42272012973423e-05	0.000604773774296719
ENSG00000163220	S100A9	protein_coding	234.824570220179	-1.33718812656154	0.308236473023705	-4.33668713532392	1.44646282469394e-05	0.000613416227613722
ENSG00000112799	LY86	protein_coding	68.3733883202286	-1.55913887285225	0.359103972519093	-4.33361616677662	1.46679824452905e-05	0.000620576452585336
ENSG00000221968	FADS3	protein_coding	415.19653305101	-1.24319749225686	0.286934349620367	-4.33235941434511	1.47519860521595e-05	0.000622665401887041
ENSG00000211677	IGLC2	IG_C_gene	85.757767942867	1.89662914431539	0.49719305991591	4.33004281841439	1.49080351142104e-05	0.00062581500883696
ENSG00000135929	CYP27A1	protein_coding	117.228709358304	-1.31589851288232	0.303731102497238	-4.32961189076602	1.49372360807731e-05	0.00062581500883696
ENSG00000170545	SMAGP	protein_coding	84.0005189163047	-1.29000929427483	0.298572598346363	-4.31592947681817	1.5893271844772e-05	0.000661771456989182
ENSG00000100427	MLC1	protein_coding	7.99190382100789	-2.25648193383183	0.497406892089851	-4.30813778795954	1.64634816206025e-05	0.000683671739076336
ENSG00000217801	AL390719.1	transcribed_unprocessed_pseudogene	168.520832179606	-1.24569997488436	0.289309481858088	-4.30416482759468	1.67616840952511e-05	0.000691224106112548
ENSG00000167851	CD300A	protein_coding	379.884657005208	-1.38409359826565	0.32152998877796	-4.30407803662866	1.67682555538626e-05	0.000691224106112548
ENSG00000116752	BCAS2	protein_coding	1339.86326870459	1.05084853397382	0.244170009334303	4.30367086605426	1.67991176448019e-05	0.000691224106112548
ENSG00000073756	PTGS2	protein_coding	270.485329349257	-1.37793040144699	0.320517433836689	-4.29805496813022	1.72303438425969e-05	0.000704133665076672
ENSG00000118369	USP35	protein_coding	470.588201775287	1.17231406426231	0.272925475309485	4.2947966772187	1.7485351175498e-05	0.000712934465956074
ENSG00000224397	SMIM25	lincRNA	86.9597522110651	-1.75078223738411	0.407800867018475	-4.29147138901701	1.77493075049438e-05	0.00072205949829501
ENSG00000169403	PTAFR	protein_coding	47.6052528790827	-1.45727649838665	0.339237628674126	-4.28582350852677	1.82063490029477e-05	0.000738980499823934
ENSG00000085733	CTTN	protein_coding	20.1608101422749	2.07535011260027	0.484871116482204	4.27613422189296	1.90166597111665e-05	0.000770131887987577
ENSG00000089505	CMTM1	protein_coding	33.2408558947224	1.4974589809585	0.348750892750529	4.27493814393666	1.91190368305294e-05	0.000772537980336514
ENSG00000133818	RRAS2	protein_coding	150.190847598625	-1.06037679531205	0.248093622777071	-4.27292791520641	1.92922839226604e-05	0.000776050463564556
ENSG00000134262	AP4B1	protein_coding	529.274120980477	1.20453400380188	0.281965060825562	4.2714395181876	1.94215203707681e-05	0.000776987577008842
ENSG00000267364	AC022706.1	lincRNA	50.7490402434036	1.21220056850395	0.283287488956574	4.27116765508694	1.94452149298693e-05	0.000776987577008842
ENSG00000088325	TPX2	protein_coding	108.043747792981	1.26785503820202	0.296670436499934	4.26987306192826	1.95584249665891e-05	0.00077977835770341
ENSG00000188338	SLC38A3	protein_coding	17.0175432430542	-2.04223704096309	0.475274950919731	-4.26077663793007	2.03717752031805e-05	0.000806838964599975
ENSG00000166825	ANPEP	protein_coding	143.830536146497	-1.73103295187765	0.406580196839132	-4.25921196746194	2.05148861903571e-05	0.000810721249645739
ENSG00000112110	MRPL18	protein_coding	607.015985054234	1.09101909904969	0.256200663589355	4.25795728470768	2.06303355022666e-05	0.000813495751461087
ENSG00000173930	SLCO4C1	protein_coding	56.778227289155	-1.5941174216356	0.373650612679898	-4.25724635917039	2.06960254127835e-05	0.000814300290913043
ENSG00000225889	AC012368.1	antisense	57.9574912027602	1.29794275532753	0.30446799045033	4.25544967947964	2.08629283821788e-05	0.000818378104410406
ENSG00000187164	SHTN1	protein_coding	149.211945074306	-1.30209819209307	0.306167977430454	-4.25045133859916	2.13340183123275e-05	0.000826610787485705
ENSG00000185379	RAD51D	protein_coding	145.399816193891	1.37246243531328	0.322744551089778	4.25000393214872	2.13766762794535e-05	0.000826610787485705
ENSG00000122574	WIPF3	protein_coding	8.7026176295888	2.26464926624999	0.494295184784878	4.24465587558899	2.18929138621488e-05	0.000842947503544534
ENSG00000106565	TMEM176B	protein_coding	70.0263738524201	-1.37977706885018	0.324885868570024	-4.24003135589689	2.2348856583136e-05	0.000855558505986537
ENSG00000165868	HSPA12A	protein_coding	50.2180697145963	1.56805325532353	0.368780289418403	4.23988744794702	2.23631888000485e-05	0.000855558505986537
ENSG00000123358	NR4A1	protein_coding	3455.62694882691	1.10201932139669	0.260170275532455	4.2357719144063	2.27767888541022e-05	0.00086953172056393
ENSG00000038945	MSR1	protein_coding	333.487573082547	-1.36582890469713	0.323338311806617	-4.22369620362823	2.40327956849564e-05	0.000911674470909706
ENSG00000130449	ZSWIM6	protein_coding	1095.64581752472	-1.03024905244067	0.243980642858141	-4.22255958787255	2.41543511561331e-05	0.000914356606607218
ENSG00000211793	TRAV9-2	TR_V_gene	99.3366226213736	1.0320053302053	0.244433568321928	4.21936920380293	2.44986800988795e-05	0.000923502655886691
ENSG00000203747	FCGR3A	protein_coding	736.475916590575	-1.48993150536889	0.353248415484799	-4.21876609139115	2.45642949378161e-05	0.000924038885516466
ENSG00000158321	AUTS2	protein_coding	2805.10724966073	-1.20270491536821	0.285240708911202	-4.21655256249419	2.48065486469172e-05	0.000931203655992107
ENSG00000107731	UNC5B	protein_coding	14.1397087444811	-2.01366243976645	0.472835810005489	-4.2102252357687	2.55116220898101e-05	0.000955675993326822
ENSG00000204802	AL590399.1	lincRNA	19.947733725411	1.98259550873116	0.46958356631107	4.19212514281041	2.76353474262743e-05	0.00103093606238971
ENSG00000111057	KRT18	protein_coding	83.4764473233036	1.36133636591788	0.324617338955178	4.18909848064071	2.8006484797353e-05	0.00104261822596523
ENSG00000156253	RWDD2B	protein_coding	44.9596840757939	1.51127773544856	0.35988562504552	4.18672936809802	2.83002929418466e-05	0.00104921147914916
ENSG00000166401	SERPINB8	protein_coding	382.658397941147	-1.03742862079105	0.248462986171209	-4.17464450526245	2.98451729282232e-05	0.00109478894011606
ENSG00000276991	RF01877	misc_RNA	7.1768462895491	1.64311409945533	0.483286674622338	4.17426497576263	2.98949652186745e-05	0.00109478894011606
ENSG00000138821	SLC39A8	protein_coding	1055.40140932484	-1.20640937707485	0.289161871913884	-4.17215614017014	3.01730747433709e-05	0.0011006697890591
ENSG00000172548	NIPAL4	protein_coding	52.3447504152501	1.62792274787089	0.389501315330069	4.17018492203965	3.04352574862579e-05	0.00110780640660001
ENSG00000115884	SDC1	protein_coding	16.9226578402738	1.95278573750201	0.497525933383792	4.16859700908105	3.06480315702137e-05	0.00111107291593878
ENSG00000241886	AC112496.1	sense_intronic	45.3135971282505	1.53905617773799	0.368334016001518	4.16550224043878	3.10667872301836e-05	0.00112314738393911
ENSG00000151065	DCP1B	protein_coding	173.226530707139	1.38783482057563	0.333315489878218	4.16127002765816	3.1648260101042e-05	0.00114041556087542
ENSG00000157617	C2CD2	protein_coding	59.178405358945	1.44653881954507	0.347422333051697	4.15586713810551	3.24056109407894e-05	0.00116432980897431
ENSG00000278709	NKILA	antisense	10.7936648313833	2.10512747611312	0.49645119737702	4.15561463507196	3.24414234078266e-05	0.00116432980897431
ENSG00000070961	ATP2B1	protein_coding	1613.44748926523	-1.09296072368773	0.263578712768295	-4.14661003689729	3.37434048700759e-05	0.00120384952970007
ENSG00000100526	CDKN3	protein_coding	29.5143474151826	1.85113626705375	0.444928911447693	4.1416356719402	3.44837796223328e-05	0.00122298390806542
ENSG00000185442	FAM174B	protein_coding	113.428863761132	1.60864894077009	0.388483684109805	4.13835469230698	3.49805303950218e-05	0.00123815928549781
ENSG00000156299	TIAM1	protein_coding	1254.84686336305	1.28802679199926	0.311417288811687	4.13615388492997	3.53175395904728e-05	0.0012471637379268
ENSG00000134668	SPOCD1	protein_coding	14.8199564944745	-2.02433008679478	0.488229105437085	-4.13566249585274	3.5393205826738e-05	0.0012471637379268
ENSG00000125505	MBOAT7	protein_coding	696.990826464646	1.09108930690162	0.263823248256851	4.1353396368296	3.54430048429227e-05	0.0012471637379268
ENSG00000273142	AC073335.2	lincRNA	87.6164315840526	1.06802784336017	0.258501092346032	4.12843002089301	3.6524856245039e-05	0.00128022113088118
ENSG00000174600	CMKLR1	protein_coding	81.1225596988454	-1.60529468192001	0.388584828327319	-4.12731530854681	3.67022993556298e-05	0.00128251710546781
ENSG00000198814	GK	protein_coding	882.893933687769	1.26277982934051	0.305968236923592	4.12712288163225	3.67330131425349e-05	0.00128251710546781
ENSG00000081041	CXCL2	protein_coding	328.829285406953	-1.18556505109254	0.287611071336684	-4.12166379992216	3.76145875973436e-05	0.00130569092584524
ENSG00000176273	SLC35G1	protein_coding	32.5875357710914	1.35747357672786	0.328323662089738	4.11848492665498	3.81371510242121e-05	0.00132127960032053
ENSG00000187210	GCNT1	protein_coding	332.720971276057	1.27066909088304	0.308787271053839	4.11395915564914	3.88930281391348e-05	0.00134229470051782
ENSG00000087494	PTHLH	protein_coding	5.37074398721203	1.97415423249645	0.497637382317319	4.11243142891443	3.91513777719157e-05	0.00134469632159958
ENSG00000147676	MAL2	protein_coding	30.0825321812681	1.96715450749976	0.495159779635553	4.11222171935961	3.9186968050619e-05	0.00134469632159958
ENSG00000198342	ZNF442	protein_coding	17.4425367156682	1.858010074334	0.447710498094784	4.10508602088018	4.04164457540028e-05	0.00138161237852229
ENSG00000230266	XXYLT1-AS2	antisense	8.74441020110669	2.05153480485523	0.47765666529605	4.1039594167669	4.06138738737106e-05	0.00138572688068916
ENSG00000142871	CYR61	protein_coding	32.6252892191609	1.9669091836874	0.493128987273776	4.1031847037382	4.0750166627122e-05	0.00138678976086309
ENSG00000120915	EPHX2	protein_coding	147.859360364714	1.46400310424341	0.356946192609814	4.09951868303641	4.1401024960625e-05	0.00140209772516108
ENSG00000184371	CSF1	protein_coding	1954.43479168607	1.51500482461473	0.369749959429368	4.09949317042546	4.14055887915318e-05	0.00140209772516108
ENSG00000163734	CXCL3	protein_coding	448.074922364563	-1.24962202821103	0.305358063421664	-4.09206653625842	4.2754592905091e-05	0.00144080427888769
ENSG00000254750	CASP1P2	unprocessed_pseudogene	25.2294925876303	1.86193964140807	0.452364118756157	4.09144611784277	4.28691557313227e-05	0.00144080427888769
ENSG00000148444	COMMD3	protein_coding	242.001741113101	1.00115113372883	0.244894815412756	4.08692728258858	4.37124052645633e-05	0.00146640440123528
ENSG00000180376	CCDC66	protein_coding	137.635292988362	1.13367111027108	0.277339116025693	4.08545443324579	4.39906334571255e-05	0.00147298990724874
ENSG00000173559	NABP1	protein_coding	1392.1330208138	1.01831468757533	0.249289369562559	4.08478014002516	4.41185704196718e-05	0.00147452790839427
ENSG00000116701	NCF2	protein_coding	148.37246188058	-1.12728269791541	0.27613243053713	-4.08090790540062	4.48601282139128e-05	0.00149375919521179
ENSG00000182022	CHST15	protein_coding	146.690628681633	-1.68090219934493	0.412371998157364	-4.07856247404216	4.53150258941964e-05	0.00150611733937809
ENSG00000141655	TNFRSF11A	protein_coding	52.5889835510194	1.85842668857569	0.457752733468958	4.07173328184093	4.66645952351564e-05	0.00154525982858812
ENSG00000121552	CSTA	protein_coding	22.4377116992866	-1.59490265367919	0.388858753464683	-4.07036472735549	4.69395909415491e-05	0.00155150879544117
ENSG00000181588	MEX3D	protein_coding	88.1583734325569	-1.1561059868282	0.284063680668586	-4.06605914846345	4.78148051178271e-05	0.00157753763453881
ENSG00000143409	MINDY1	protein_coding	98.9745856776407	1.51249310751097	0.371962678150312	4.06212431944678	4.86281667588211e-05	0.00160143418771128
ENSG00000169429	CXCL8	protein_coding	2777.45170428069	-1.18256929355603	0.291184945435018	-4.06138225754759	4.87830198789209e-05	0.00160359685638552
ENSG00000164483	SAMD3	protein_coding	442.067243990539	-1.01684122818249	0.25040361267031	-4.06041635295416	4.89852847354695e-05	0.00160620620243315
ENSG00000105509	HAS1	protein_coding	9.95536601726688	-2.04540803392233	0.497929368205347	-4.06015069138662	4.90410547319838e-05	0.00160620620243315
ENSG00000189007	ADAT2	protein_coding	319.292615073303	1.08085116276843	0.267202143359812	4.04433991534325	5.24707460938674e-05	0.00170610576042284
ENSG00000261390	MAFTRR	lincRNA	6.58500585837392	2.14676170405954	0.48695272839104	4.04289434169075	5.27954153643919e-05	0.00171356383333417
ENSG00000260528	FAM157C	lincRNA	45.3404460210655	1.84354915620819	0.456872579710754	4.04182565333802	5.30366607995798e-05	0.0017152017946713
ENSG00000149131	SERPING1	protein_coding	292.525259444852	-1.45385041733333	0.35992644616688	-4.03954080201367	5.35559510739859e-05	0.00172888609741713
ENSG00000107554	DNMBP	protein_coding	117.947302010856	-1.16672030404739	0.288651027908889	-4.03898336817925	5.36833710899828e-05	0.00172989371965767
ENSG00000205763	RP9P	transcribed_unprocessed_pseudogene	12.6249791482403	1.8856434685306	0.458326465662065	4.03841386189802	5.38138472716174e-05	0.00173099604255984
ENSG00000166681	BEX3	protein_coding	77.374625800803	1.48645275557838	0.368065937691975	4.03221389856974	5.5253861114422e-05	0.00176994794574249
ENSG00000177494	ZBED2	protein_coding	168.239517476212	1.60073655720297	0.397138732862255	4.03204825515347	5.52928298945657e-05	0.00176994794574249
ENSG00000140092	FBLN5	protein_coding	42.8070749641033	1.67820136475173	0.415310066738627	4.03166676253452	5.53826777761895e-05	0.00176994794574249
ENSG00000101916	TLR8	protein_coding	64.8098791098807	-1.36389699909919	0.337938586937955	-4.0315146733349	5.54185358685848e-05	0.00176994794574249
ENSG00000082397	EPB41L3	protein_coding	127.219445850858	-1.26336666466033	0.313222748112917	-4.0308225852664	5.55819875117138e-05	0.00177202077561724
ENSG00000268460	AC006262.1	processed_transcript	14.6997317580055	1.91969412245659	0.471348383275608	4.02909831174241	5.59912007156875e-05	0.00178190757534297
ENSG00000138443	ABI2	protein_coding	503.95296382227	1.03858925336195	0.25787721715322	4.02702415311862	5.64872319401905e-05	0.00179451752211407
ENSG00000105374	NKG7	protein_coding	2631.91370289459	-1.59097369664929	0.39640803290357	-4.01810210417294	5.86687758432113e-05	0.00184881228614151
ENSG00000182809	CRIP2	protein_coding	118.70519000105	-1.35973769019771	0.338175831287257	-4.01798185793052	5.86987152305291e-05	0.00184881228614151
ENSG00000231150	AL034345.2	antisense	27.7379233466462	1.93064174918296	0.486410693111223	4.01619791103435	5.91445925784421e-05	0.00185922887963805
ENSG00000186407	CD300E	protein_coding	76.6783509531235	-1.85176157267093	0.498048933035004	-4.01533004816724	5.93626629783656e-05	0.00186282730019894
ENSG00000080546	SESN1	protein_coding	296.974309690292	1.10023001680763	0.274029165415699	4.01436261084507	5.96066511215683e-05	0.0018672250763361
ENSG00000167280	ENGASE	protein_coding	192.253997436708	1.33413786920469	0.332430296106974	4.01179579224093	6.02586144058346e-05	0.00188428472985829
ENSG00000222032	AC112721.2	lincRNA	9.13303443740468	2.01411185161685	0.486660833548226	4.01075818722275	6.05240742354698e-05	0.00188428472985829
ENSG00000113088	GZMK	protein_coding	911.362212294511	1.03411248748001	0.257834216801442	4.0105775092217	6.05704117600851e-05	0.00188428472985829
ENSG00000073282	TP63	protein_coding	71.5945746427366	1.8574383813196	0.466796228017938	4.00721818943437	6.14381011613828e-05	0.00190797667872681
ENSG00000108700	CCL8	protein_coding	17.4352174450719	-1.69218856124815	0.418883926336578	-4.00620286208184	6.17026606957464e-05	0.00191288886546589
ENSG00000118432	CNR1	protein_coding	8.13278201007802	1.42286979802387	0.471839033339233	4.00082156889125	6.31229431235017e-05	0.00195355187659842
ENSG00000276819	TRBV15	TR_V_gene	39.279000086981	1.32574835545005	0.330563497060123	3.99965296373031	6.3435436049787e-05	0.00195984978627357
ENSG00000176896	TCEANC	protein_coding	43.1419048768438	1.22066202447792	0.304679699648297	3.99841685914236	6.37675722152912e-05	0.00196673193139477
ENSG00000173926	MARCH3	protein_coding	107.802011048381	1.15153845151831	0.287848218801208	3.99731626749232	6.40646812915059e-05	0.00197244164555016
ENSG00000140044	JDP2	protein_coding	51.7717839470752	-1.27681728503285	0.318954056579961	-3.99677381899963	6.42115990123078e-05	0.00197244164555016
ENSG00000128512	DOCK4	protein_coding	56.1783652600212	-1.67877118825462	0.419796203044731	-3.99335885295711	6.51438634536608e-05	0.00199209491285761
ENSG00000007174	DNAH9	protein_coding	17.2173819025026	-1.67903824928676	0.489781413012979	-3.98291325119317	6.80756093345439e-05	0.00206662622399034
ENSG00000006576	PHTF2	protein_coding	898.065255918042	1.15185913596145	0.289243170956461	3.9822302804896	6.82715824032102e-05	0.002066652059246
ENSG00000138207	RBP4	protein_coding	32.848338448625	-1.51384683996995	0.379488202082214	-3.97572296731574	7.01657685214406e-05	0.00211331772828145
ENSG00000266709	AC005224.4	lincRNA	116.403104351359	1.41643965318784	0.356581213034962	3.96918545956623	7.211873604506e-05	0.00216850667696693
ENSG00000170962	PDGFD	protein_coding	79.4100344959865	-1.81403131772406	0.461620821196948	-3.95055669456256	7.79696249971015e-05	0.00232499473809765
ENSG00000246582	AC100861.1	processed_transcript	38.5548071066993	1.55943409099809	0.393554540963497	3.94843460358574	7.86638984560193e-05	0.00233794307130196
ENSG00000142512	SIGLEC10	protein_coding	53.266272786935	-1.69183371861437	0.428378999306403	-3.9468544662342	7.91846556059783e-05	0.00234953678622293
ENSG00000240527	AL365273.1	sense_intronic	30.93696385456	1.81426385466887	0.458857979868293	3.94618144744523	7.94074469055908e-05	0.00235226573774206
ENSG00000091106	NLRC4	protein_coding	18.3233793737637	-1.74944305315779	0.440444094044415	-3.94559376553241	7.96024734103977e-05	0.00235416459604007
ENSG00000127507	ADGRE2	protein_coding	150.77205703048	-1.3499369304237	0.342834704693961	-3.93597549754594	8.2859427341946e-05	0.00244245141481235
ENSG00000057935	MTA3	protein_coding	124.222779471181	1.10365370849584	0.2812081915234	3.9229040666624	8.74879939326514e-05	0.00257046016160622
ENSG00000204287	HLA-DRA	protein_coding	11057.7444143945	-1.02047628207514	0.260444101057253	-3.91826946900958	8.91869702015812e-05	0.00261610262837623
ENSG00000166169	POLL	protein_coding	176.081409962768	1.01755502649524	0.259703979189137	3.91708299557342	8.96268985744032e-05	0.00262045733864446
ENSG00000152104	PTPN14	protein_coding	36.7433415828508	1.7694322910258	0.451140487066033	3.91657749628196	8.981495294534e-05	0.00262169264433467
ENSG00000100473	COCH	protein_coding	36.1508490636447	1.87644379840706	0.487633143541132	3.91405795905339	9.07578355527674e-05	0.002641852959143
ENSG00000112299	VNN1	protein_coding	15.3576421329412	-1.90087700349442	0.488305977833494	-3.90980402089472	9.23710324412138e-05	0.00268323672750479
ENSG00000105976	MET	protein_coding	33.5610732766155	1.83194598591688	0.497995606842648	3.90494360624199	9.42473604205849e-05	0.0027289239737883
ENSG00000137992	DBT	protein_coding	122.912664189117	1.02879224637825	0.263527590485324	3.90173325120417	9.55063709645275e-05	0.00275650089295854
ENSG00000079385	CEACAM1	protein_coding	332.681130579686	1.26554012572156	0.325533595909481	3.88737643946615	0.000101333540544123	0.00291532542803821
ENSG00000175489	LRRC25	protein_coding	51.4668505188708	-1.47045610868131	0.377555707007052	-3.88658899101571	0.000101662667936061	0.00292012209609955
ENSG00000168334	XIRP1	protein_coding	9.61042283172697	1.95519343963682	0.493237614836995	3.88433263849704	0.000102611345430774	0.00293798503533558
ENSG00000206560	ANKRD28	protein_coding	1288.83440355261	-1.15455145160494	0.297548265815531	-3.88034719627093	0.00010430745968429	0.00297668409223161
ENSG00000004799	PDK4	protein_coding	68.7740187240422	-1.38718147954723	0.357245355564659	-3.8795077051999	0.000104668085777226	0.00297668409223161
ENSG00000173805	HAP1	protein_coding	7.06013091954111	1.99241830889522	0.488872514756234	3.87880308172029	0.00010497168379679	0.00297712278604114
ENSG00000185924	RTN4RL1	protein_coding	14.220916741562	-1.86587587895923	0.480452947631051	-3.87388684698726	0.000107113160949783	0.00302355062329364
ENSG00000179240	GVQW3	protein_coding	28.8465764724674	1.69495803009239	0.436352290367554	3.87051285151673	0.000108606631096115	0.00305611241586735
ENSG00000105369	CD79A	protein_coding	36.6012357744825	1.7125158039291	0.441977365355881	3.8671373579564	0.000110120408722063	0.00309386729567409
ENSG00000127952	STYXL1	protein_coding	126.230687169072	1.14291359639329	0.295560598708364	3.86477560282007	0.000111191376235198	0.00311908289560856
ENSG00000159189	C1QC	protein_coding	333.914660440725	-1.19598024203065	0.309518631436697	-3.86353167551645	0.000111759393597109	0.00313013342098071
ENSG00000260314	MRC1	protein_coding	624.002327871686	-1.21254992313815	0.31402831006027	-3.86136327971874	0.000112756103047792	0.00314948757040588
ENSG00000173567	ADGRF3	protein_coding	16.6428792337849	1.88113788346029	0.494421545647834	3.85850518692167	0.000114082647045738	0.00317038746093476
ENSG00000184985	SORCS2	protein_coding	16.7272827268304	-1.88013477171227	0.49428137951381	-3.85814423188831	0.000114251222358405	0.00317038746093476
ENSG00000050730	TNIP3	protein_coding	136.170820076078	1.4944474751142	0.38732220774474	3.85813711044292	0.000114254550619305	0.00317038746093476
ENSG00000167094	TTC16	protein_coding	70.9341135990072	-1.32080052155351	0.342460730672863	-3.85180300010841	0.000117251333682895	0.00323855027796027
ENSG00000129226	CD68	protein_coding	1251.41583619566	-1.19194524474016	0.309902686503811	-3.84629911673588	0.000119915358982285	0.00329190545016866
ENSG00000176845	METRNL	protein_coding	1278.15221489645	-1.07631810546935	0.279890807296513	-3.84538074248292	0.000120365394730181	0.00329922280890759
ENSG00000163293	NIPAL1	protein_coding	18.9333212886905	1.84817039167957	0.497749483476716	3.84365328735359	0.00012121622671949	0.00331747174099423
ENSG00000169918	OTUD7A	protein_coding	41.3876895144091	1.84113337013547	0.487884124373828	3.84328133400051	0.000121400167152784	0.00331747174099423
ENSG00000175155	YPEL2	protein_coding	610.217138477019	1.1355402710217	0.29555559582515	3.84173639744648	0.000122166997990762	0.00332859328295869
ENSG00000187951	ARHGAP11B	processed_transcript	85.0677388494046	1.32084685887355	0.343542114575259	3.84079453400357	0.000122636731036098	0.00333605304199708
ENSG00000185238	PRMT3	protein_coding	89.6247071272239	1.05885720391492	0.275683363617071	3.83790381654424	0.000124089065726386	0.00336326224877356
ENSG00000124787	RPP40	protein_coding	33.4959109421751	-1.18394166008835	0.307706674686679	-3.83768807380117	0.000124198105399346	0.00336326224877356
ENSG00000163563	MNDA	protein_coding	63.4602739495422	-1.34277317747317	0.349799501580506	-3.83448783631782	0.000125826198414065	0.00339640816794652
ENSG00000043039	BARX2	protein_coding	17.5570297687194	1.85123080197363	0.496778038737559	3.83260849396789	0.000126791651350519	0.00341293515409233
ENSG00000144306	SCRN3	protein_coding	42.181881303782	1.21884380206191	0.317501856153769	3.830723349319	0.000127767096488357	0.00342892561486141
ENSG00000161929	SCIMP	protein_coding	59.5924080148937	-1.26105808863728	0.329185105017378	-3.82518466906069	0.000130674096662654	0.00349650436323094
ENSG00000164920	OSR2	protein_coding	14.0510742996693	-1.84470915873107	0.479998437597273	-3.82318416051007	0.000131739309261563	0.00351454676532962
ENSG00000279094	LINC01670	lincRNA	4.99910780532475	1.54955312524248	0.480666853286444	3.82137530880116	0.000132709509134422	0.0035351847166608
ENSG00000053524	MCF2L2	protein_coding	161.327298983399	1.38488180384334	0.362448400102382	3.82035861349636	0.000133257777614341	0.00353930295315136
ENSG00000211838	TRAJ52	TR_J_gene	31.3805765201636	1.50813636500163	0.393766897423189	3.81367980815448	0.000136912830086305	0.00362566951072438
ENSG00000185432	METTL7A	protein_coding	143.959128046948	1.23617415869028	0.324255918397004	3.81031508834968	0.000138789788738556	0.00366847227003733
ENSG00000254415	SIGLEC14	protein_coding	21.2576788583072	-1.55651643776031	0.407000932505556	-3.80024990350769	0.000144550239992084	0.00378885986194995
ENSG00000158186	MRAS	protein_coding	47.2196975673465	-1.53459052430791	0.403287213170205	-3.79898262529172	0.00014529127634975	0.00380220889299049
ENSG00000111271	ACAD10	protein_coding	145.828918731821	1.00168249286747	0.263849940965475	3.79471951386729	0.000147810458583442	0.00385185486346213
ENSG00000105609	LILRB5	protein_coding	28.6864468462801	-1.48487927023229	0.389942418057551	-3.79245922895777	0.00014916274592936	0.00388146936983476
ENSG00000122877	EGR2	protein_coding	478.415233404926	-1.21156515900694	0.319972829839313	-3.78646950309716	0.000152802839734346	0.00396471552851844
ENSG00000211695	TRGV9	TR_V_gene	62.3243004408558	-1.80407776391213	0.485477612908709	-3.77887729728401	0.0001575370221038	0.00405827105221837
ENSG00000139132	FGD4	protein_coding	54.3292775561416	-1.27609923919174	0.337289014776295	-3.7773852089461	0.000158483511021203	0.00407681260611195
ENSG00000011600	TYROBP	protein_coding	305.319200749816	-1.08925544831579	0.288446933663729	-3.77550921337926	0.000159681121841601	0.00408469138442645
ENSG00000134594	RAB33A	protein_coding	84.4046323061233	1.29403341770749	0.342315523813675	3.77548214845238	0.000159698461890429	0.00408469138442645
ENSG00000225720	AL031846.1	transcribed_unprocessed_pseudogene	227.791337391853	-1.38552091632884	0.367144826605141	-3.77401451306955	0.000160641409229085	0.00410297326611956
ENSG00000182010	RTKN2	protein_coding	568.884178918068	1.51247136639455	0.401239524654406	3.77329093275493	0.000161108231368331	0.00410891246519065
ENSG00000273599	AL731571.1	antisense	22.6700642968054	-1.39296007655046	0.367139133169535	-3.77293128996499	0.000161340731678017	0.00410891246519065
ENSG00000141682	PMAIP1	protein_coding	799.746048808553	1.09982572958459	0.291970001016573	3.76680404498747	0.000165350681366109	0.00418810444893144
ENSG00000162545	CAMK2N1	protein_coding	143.281729345443	-1.02219006610317	0.271270693082418	-3.76677182604361	0.000165372012610051	0.00418810444893144
ENSG00000282458	WASH5P	transcribed_processed_pseudogene	690.661552896156	1.01131186621043	0.268690767322851	3.76370279361456	0.000167415842490846	0.0042339019181827
ENSG00000164465	DCBLD1	protein_coding	104.240134377638	-1.41697222247889	0.377087382439544	-3.7563450166776	0.000172412961348517	0.00434804692567697
ENSG00000215475	SIAH3	protein_coding	14.7281395856909	1.75423457652404	0.46280572876957	3.7519833076939	0.000175441148003104	0.00441821748213418
ENSG00000169245	CXCL10	protein_coding	62.7910581396346	-1.21600572062004	0.323970284877301	-3.74830522888421	0.000178033513625996	0.00447723162029235
ENSG00000136738	STAM	protein_coding	965.46274589609	1.05179544870581	0.280860107426613	3.74482947596146	0.000180516341418408	0.00452070241649636
ENSG00000198920	KIAA0753	protein_coding	157.30387310616	1.07333202987688	0.286574226140671	3.74342704492902	0.000181527325263069	0.00453508090082755
ENSG00000143067	ZNF697	protein_coding	4.90826237502272	-1.93275474676499	0.497748396677313	-3.74333354060501	0.000181594919559303	0.00453508090082755
ENSG00000229719	MIR194-2HG	lincRNA	52.7841167383862	1.04791850098664	0.279647153116699	3.74257045594758	0.000182147438873058	0.00453974661793445
ENSG00000171051	FPR1	protein_coding	61.8892209142561	-1.38423334075719	0.369488574490978	-3.74089213821008	0.000183368207701337	0.00456036478931914
ENSG00000278962	AC092645.1	TEC	152.017243574177	1.02394470849779	0.273819166982837	3.73823013409057	0.000185320273668537	0.00459084954894157
ENSG00000237517	DGCR5	transcribed_unprocessed_pseudogene	36.4457083345503	1.69291541243601	0.452969491127211	3.73787877639688	0.000185579381214994	0.00459084954894157
ENSG00000110446	SLC15A3	protein_coding	109.76300461183	-1.15014923258811	0.307563645832723	-3.73713922654266	0.000186125872931339	0.00459084954894157
ENSG00000182985	CADM1	protein_coding	227.353706660298	1.20043547003571	0.321188732613494	3.73644804753605	0.000186637988175575	0.00459717488408907
ENSG00000124196	GTSF1L	protein_coding	10.8809567342637	1.84802089322894	0.492808198309171	3.7349394016076	0.000187760393356173	0.0046184947099006
ENSG00000183513	COA5	protein_coding	56.4770581332167	1.00064676008312	0.267782973273824	3.73222689550848	0.000189794423865194	0.00465578927083228
ENSG00000143190	POU2F1	protein_coding	400.59854010688	1.0736749625059	0.287940994354019	3.72846517453636	0.000192649525178928	0.00471938843629742
ENSG00000261326	LINC01355	lincRNA	20.630715416687	1.62005004308926	0.492251577973527	3.72755038544814	0.00019334991488722	0.00473010179535659
ENSG00000165996	HACD1	protein_coding	35.6229492702184	1.35144148792282	0.361662434453654	3.72521480375899	0.000195148974717602	0.00476660121090804
ENSG00000115687	PASK	protein_coding	914.667165140749	1.0232943013445	0.274702235182237	3.72492659463145	0.000195372064536968	0.00476660121090804
ENSG00000186188	FFAR4	protein_coding	11.9974203382444	-1.74455677551984	0.463444801013154	-3.72226100776707	0.000197446764572678	0.00479768955916394
ENSG00000197632	SERPINB2	protein_coding	24.634846509332	-1.68647092678263	0.452472333325066	-3.72083872605134	0.000198562217714485	0.00481828237074784
ENSG00000182175	RGMA	protein_coding	161.777296319023	-1.40194731246737	0.37687182038188	-3.71993331870065	0.000199275383021646	0.00482907097319707
ENSG00000241399	CD302	protein_coding	188.437705066688	-1.13398215039105	0.305206874872666	-3.71418496899634	0.000203859649172003	0.00492688219322821
ENSG00000101883	RHOXF1	protein_coding	10.0249676572947	1.76332347235781	0.466298679140956	3.71342819525712	0.00020447049761702	0.00493501210423038
ENSG00000163739	CXCL1	protein_coding	145.943796527428	-1.21415395690491	0.327363087000376	-3.70803932285128	0.00020887022695082	0.00502770488728606
ENSG00000065989	PDE4A	protein_coding	2795.82125756282	-1.0679505801469	0.288116099122743	-3.70674754427284	0.000209938028372629	0.00504665198952973
ENSG00000188818	ZDHHC11	protein_coding	98.0632715918971	-1.55562884334026	0.420064433593474	-3.70606519122066	0.000210504137739786	0.00505195340711392
ENSG00000140543	DET1	protein_coding	80.9136308293982	1.72787920461566	0.470216497869672	3.70220963555735	0.0002137299021683	0.00509691959003739
ENSG00000164284	GRPEL2	protein_coding	408.540639490261	1.04253445901298	0.281653468532046	3.7009328270965	0.000214808340033679	0.00511585266509349
ENSG00000214212	C19orf38	protein_coding	11.8660309903639	-1.78211838964403	0.476892123277311	-3.6985781092554	0.000216810631991061	0.00515670896009428
ENSG00000145850	TIMD4	protein_coding	22.0315214561004	1.48383853857833	0.398927408137974	3.69798961422249	0.000217313778216599	0.00516184814545927
ENSG00000138684	IL21	protein_coding	18.821219098356	1.77683699847548	0.480326613507102	3.6924371395184	0.000222115252210528	0.0052550715131546
ENSG00000175643	RMI2	protein_coding	22.4673910328532	1.35375763974754	0.365560750515028	3.68201443474313	0.000231398305520671	0.00545935576977733
ENSG00000165168	CYBB	protein_coding	869.709962962418	-1.15841420722343	0.314671103923595	-3.68139185847945	0.000231964173745058	0.00545935576977733
ENSG00000251191	LINC00589	lincRNA	6.00752177711825	1.93106729546113	0.494188231462995	3.67863258798214	0.000234487780817096	0.00550434045283578
ENSG00000039560	RAI14	protein_coding	22.7645421202912	1.71954597252707	0.497907423898445	3.67452738042468	0.000238290091017555	0.00558630264222511
ENSG00000116299	KIAA1324	protein_coding	611.316408200443	1.0302875300046	0.28108812501244	3.6650102806186	0.000247328647693487	0.00577436088518576
ENSG00000178498	DTX3	protein_coding	290.496243422055	1.11023262584127	0.302954714816903	3.66373918728243	0.000248559886832422	0.00577436088518576
ENSG00000176714	CCDC121	protein_coding	22.1077035673858	1.61754583915208	0.439898517819703	3.66254238062282	0.000249724421241992	0.00578646239478383
ENSG00000108924	HLF	protein_coding	669.581472695916	1.13500819580373	0.310229918533278	3.65850016493424	0.000253695577706517	0.00586543505771069
ENSG00000163629	PTPN13	protein_coding	459.393387752574	1.32814528998673	0.36308578861738	3.65840980554001	0.00025378502168394	0.00586543505771069
ENSG00000214548	MEG3	lincRNA	42.1669759283442	-1.7521375232463	0.485423878235893	-3.65650518619793	0.000255677240842474	0.00588646922866648
ENSG00000165801	ARHGEF40	protein_coding	32.7453402652436	-1.61157349369074	0.440437793499994	-3.65533766508178	0.000256843692874642	0.00590576271301655
ENSG00000163599	CTLA4	protein_coding	1861.87001766987	1.2280341030514	0.336037575148244	3.65493103754969	0.000257251118360953	0.00590757644859296
ENSG00000204020	LIPN	protein_coding	8.08873651303992	-1.80956252668426	0.483931081322299	-3.65155097263427	0.000260661348566407	0.00597063911920073
ENSG00000138119	MYOF	protein_coding	255.435677968288	-1.13329537889445	0.31048971262947	-3.64961518967618	0.00026263344924498	0.00598931555642555
ENSG00000010030	ETV7	protein_coding	171.263927535836	1.1423627578	0.313894838415479	3.63788124875052	0.000274890108348715	0.00621883512063088
ENSG00000139352	ASCL1	protein_coding	5.20659148492481	1.37757844018554	0.470752586616667	3.63782001964708	0.000274955448579142	0.00621883512063088
ENSG00000164898	FMC1	protein_coding	19.6781429396119	1.39370486907745	0.380773072847545	3.63533888657511	0.000277615451822993	0.00626324145449089
ENSG00000240694	PNMA2	protein_coding	12.2933311838051	1.75951959523812	0.497841519547065	3.63126900802943	0.000282031020881552	0.00633899973308899
ENSG00000144843	ADPRH	protein_coding	129.422720114711	1.08627348075544	0.299214271109448	3.628781228612	0.000284762426619677	0.00636854874757265
ENSG00000182359	KBTBD3	protein_coding	80.997161662434	1.1136331525109	0.307497666951727	3.61842246797278	0.00029640426753006	0.00659609546343813
ENSG00000134627	PIWIL4	protein_coding	56.3562629191023	-1.08138287903235	0.29863990785652	-3.61804745795324	0.000296833974975616	0.0065974928356447
ENSG00000171956	FOXB1	protein_coding	21.1554752265448	1.58818465699555	0.436462676043784	3.6145467522235	0.00030087352094776	0.00667902071624898
ENSG00000132681	ATP1A4	protein_coding	27.2746924292334	1.65531681461563	0.457366799129646	3.60811672116253	0.000308427735175302	0.00681317891207559
ENSG00000136848	DAB2IP	protein_coding	11.0269096960278	1.77555439358116	0.487383581441272	3.60772799806038	0.000308890065394519	0.00681317891207559
ENSG00000146232	NFKBIE	protein_coding	352.023027582729	1.06679136073082	0.295679108727385	3.60747570538057	0.000309190478407968	0.00681317891207559
ENSG00000155962	CLIC2	protein_coding	80.8525948624297	-1.20211548734586	0.333147510946212	-3.60463542422705	0.000312591421040016	0.00687968952474972
ENSG00000131459	GFPT2	protein_coding	116.827306406141	-1.44199488720198	0.400252850029552	-3.60305235570479	0.000314502150055574	0.00691328014688175
ENSG00000147459	DOCK5	protein_coding	244.150618345119	-1.17012521261177	0.32495114702144	-3.60080009546331	0.000317239429308354	0.00696493550475398
ENSG00000166503	HDGFL3	protein_coding	221.888577571328	-1.39161577637164	0.38667839470304	-3.59977366708721	0.000318494280280055	0.00696696551546919
ENSG00000272150	NBPF25P	transcribed_unprocessed_pseudogene	33.4915317817916	-1.64165680853204	0.456766724429023	-3.59642091564909	0.000322625607830553	0.00704876191300264
ENSG00000072694	FCGR2B	protein_coding	75.565064430191	-1.28262035433382	0.356391764806143	-3.59609700861956	0.000323027378417243	0.00704897486810734
ENSG00000163661	PTX3	protein_coding	9.0905370699833	-1.70821870335223	0.465061759418014	-3.59522742179317	0.000324108321437356	0.0070639899730486
ENSG00000134755	DSC2	protein_coding	33.4343900385235	-1.11570132372213	0.309670851458339	-3.59449753746407	0.000325018219100928	0.00707524527560991
ENSG00000174255	ZNF80	protein_coding	53.1940866627755	1.29175881540129	0.358815530353232	3.59393635546118	0.000325719432058742	0.00707849085774849
ENSG00000136720	HS6ST1	protein_coding	176.006253416312	-1.05338926884611	0.293075439974572	-3.59340957923033	0.000326378942111438	0.00707915531737728
ENSG00000161640	SIGLEC11	protein_coding	7.36095577723147	-1.79964182701406	0.497986216654158	-3.59095629484422	0.000329466886050332	0.00711736998493631
ENSG00000136842	TMOD1	protein_coding	33.6861424643275	1.47212901176761	0.408920295532165	3.58960227044665	0.000331182881525399	0.00713173579965054
ENSG00000104427	ZC2HC1A	protein_coding	125.374174061033	1.17092155389415	0.326124591975196	3.58841421849207	0.000332695420211878	0.00715573726175811
ENSG00000179104	TMTC2	protein_coding	84.8660988821713	1.2277943756997	0.341971232104288	3.58785351038125	0.000333411514779467	0.00715632354614213
ENSG00000136352	NKX2-1	protein_coding	9.10944789703354	1.24720565173745	0.464437338337498	3.58776970708165	0.00033351866590663	0.00715632354614213
ENSG00000158473	CD1D	protein_coding	4.96156483382155	-1.81526369208292	0.49771132482954	-3.58592190929358	0.000335889468947839	0.00718787040903921
ENSG00000186185	KIF18B	protein_coding	26.1658810607002	1.66844139025954	0.465471403665305	3.58580024481871	0.000336046121631943	0.00718787040903921
ENSG00000186187	ZNRF1	protein_coding	509.887114957941	1.11781312685232	0.311761548601882	3.58522296377777	0.000336790348991765	0.00719219390168757
ENSG00000114251	WNT5A	protein_coding	12.0729195580546	1.63907557097995	0.494486480789272	3.58459666867264	0.000337599508932078	0.00720092143547768
ENSG00000173040	EVC2	protein_coding	61.9212775561162	1.33541347736701	0.372090878411079	3.58354473095504	0.000338962684549464	0.00722143131621316
ENSG00000135747	ZNF670-ZNF695	protein_coding	7.93150934607546	1.78397762570912	0.484167491156167	3.58291580746791	0.000339780146328002	0.00722418812078855
ENSG00000211679	IGLC3	IG_C_gene	115.861248611753	1.10946559342559	0.454849699625943	3.58251859235412	0.000340297388260269	0.00722418812078855
ENSG00000283199	C13orf46	protein_coding	48.9123737468227	-1.48309219687391	0.413500989199467	-3.58170743060843	0.000341355948406656	0.00723811475035388
ENSG00000221926	TRIM16	protein_coding	98.3995857638948	1.24348131170522	0.347255193611612	3.5787271588478	0.000345271690459493	0.00729069243198837
ENSG00000274333	CU633967.1	lincRNA	25.0070303159901	1.62658249319134	0.49617232610086	3.57506140468239	0.000350145706604505	0.00737233015275831
ENSG00000140105	WARS	protein_coding	1708.6377263428	-1.15007204848633	0.321898039343098	-3.57300333861777	0.00035291025984621	0.00741415303111324
ENSG00000260101	AC008074.3	lincRNA	65.3496161757171	1.11265846262441	0.311084051032371	3.57245005126148	0.000353656952422679	0.00742019330398155
ENSG00000270392	PFN1P2	transcribed_processed_pseudogene	5.49228213487799	1.76094917962927	0.497128033940661	3.57178870314602	0.000354551417686467	0.00743029025806568
ENSG00000261609	GAN	protein_coding	601.952960994301	-1.05776137053816	0.296406605794505	-3.56849452468729	0.000359038355522837	0.00750682403564667
ENSG00000066468	FGFR2	protein_coding	26.9155237762451	1.53867772737333	0.430066140481662	3.56547876061984	0.000363192575728693	0.00755852512057596
ENSG00000163576	EFHB	protein_coding	6.12333078285585	-1.69887072566502	0.494197634304651	-3.56411170584433	0.000365090462302256	0.00758047529175158
ENSG00000203865	ATP1A1-AS1	processed_transcript	5.05020176281547	1.9277402952958	0.495899171165826	3.56211710380885	0.000367876215496723	0.0076145234576162
ENSG00000101000	PROCR	protein_coding	21.6597611125307	-1.3015585184544	0.363956287269138	-3.56202829095701	0.000368000716571296	0.0076145234576162
ENSG00000188848	BEND4	protein_coding	28.5090696340475	1.70398392728959	0.482648197923869	3.55919312067508	0.000371995924151729	0.00768834334732442
ENSG00000060138	YBX3	protein_coding	358.191913139473	-1.1352008289258	0.318986376017373	-3.55842702402243	0.000373082414575956	0.00770194592019549
ENSG00000140450	ARRDC4	protein_coding	70.0741518278513	-1.14199106855277	0.320886471229628	-3.55578915876355	0.000376846211597352	0.00776182328835278
ENSG00000196220	SRGAP3	protein_coding	215.413399190388	1.48317061364163	0.418156536370919	3.55066716028411	0.000384256031603652	0.00789635166201744
ENSG00000163359	COL6A3	protein_coding	197.405193704659	1.45861011672516	0.411326373758196	3.54917992555031	0.000386432938311128	0.00793202130567624
ENSG00000176046	NUPR1	protein_coding	109.535062635781	-1.01811917020499	0.28736769310049	-3.54152184435324	0.000397825916353836	0.00811953212481081
ENSG00000150457	LATS2	protein_coding	269.408918443135	-1.11428500684193	0.31469637856164	-3.54005310934925	0.000400046518673007	0.00815559688464777
ENSG00000138755	CXCL9	protein_coding	78.8016759308878	-1.05258399949594	0.297279507706848	-3.53755411881673	0.000403851413227375	0.00820599652554329
ENSG00000184378	ACTRT3	protein_coding	35.1418914806021	1.66532136112975	0.473056064926525	3.53751823706069	0.000403906291186775	0.00820599652554329
ENSG00000178235	SLITRK1	protein_coding	8.84534867577188	1.75181254502188	0.497913682135722	3.53699326343695	0.000404709988689531	0.00820599652554329
ENSG00000139629	GALNT6	protein_coding	489.823273019535	-1.09746093205487	0.310326701193848	-3.53649271831154	0.0004054776789231	0.00820599652554329
ENSG00000110492	MDK	protein_coding	10.6651322807679	1.65994493727766	0.462702712948639	3.53633926519537	0.000405713303554195	0.00820599652554329
ENSG00000149328	GLB1L2	protein_coding	62.8602356857189	-1.37366258316838	0.388132323658314	-3.53485633821448	0.000407996912121811	0.00824291289535088
ENSG00000188227	ZNF793	protein_coding	39.5176480682166	1.18726175987679	0.335551589215787	3.53040025804061	0.000414931430285277	0.00835485111753591
ENSG00000249896	LINC02495	transcribed_unprocessed_pseudogene	27.1217815627174	1.70212627272218	0.48969283945485	3.52801607145537	0.00041868673532	0.00842103600423817
ENSG00000229989	MIR181A1HG	lincRNA	17.2198309192971	1.5850017382529	0.446059862950138	3.52726397700464	0.000419877920501393	0.00843555853467659
ENSG00000172005	MAL	protein_coding	577.335423568973	1.0288561979526	0.29248974299926	3.51734507477736	0.00043588671698794	0.0087260681538671
ENSG00000159873	CCDC117	protein_coding	549.292436626673	1.04975438801151	0.298488903750786	3.516793145029	0.000436794038875254	0.00872665957001772
ENSG00000147100	SLC16A2	protein_coding	18.1427014996759	-1.33602811884875	0.378145075202639	-3.51542470621554	0.000439051237194214	0.00876202030631428
ENSG00000149292	TTC12	protein_coding	89.9071764096541	1.04142910345172	0.29617427739563	3.51421822924427	0.000441050311364692	0.008792157038413
ENSG00000120708	TGFBI	protein_coding	1961.61087507346	-1.16826720059749	0.332711074938896	-3.51176166270248	0.000445147013357718	0.00886399606554277
ENSG00000176083	ZNF683	protein_coding	222.593289510128	-1.4058168462798	0.400578529661599	-3.51115306579038	0.000446167417304775	0.0088744870913243
ENSG00000165810	BTNL9	protein_coding	8.90442604774807	1.73917050609797	0.491123468885483	3.50035312709836	0.000464642202989737	0.00920124609246527
ENSG00000080493	SLC4A4	protein_coding	53.2523340448644	-1.40562012503929	0.401617142573677	-3.49585424463751	0.000472546746546783	0.00934748410303379
ENSG00000000971	CFH	protein_coding	192.3231348363	-1.39349815038449	0.398840042967309	-3.49543254504862	0.000473294068302827	0.0093519787276408
ENSG00000107438	PDLIM1	protein_coding	146.860614721906	-1.16802894120301	0.334049552058853	-3.49488397984224	0.000474267866975922	0.00936093360712849
ENSG00000140563	MCTP2	protein_coding	243.736229470636	-1.06672695432417	0.305359290507786	-3.49297350936777	0.000477673892676933	0.00940750740878854
ENSG00000180447	GAS1	protein_coding	12.1406039769201	-1.52353559193972	0.431851683411124	-3.49202831310743	0.000479367431546998	0.00943053149523694
ENSG00000183779	ZNF703	protein_coding	158.190044439289	-1.02719811927642	0.294174040981143	-3.4907833526087	0.00048160661463302	0.00945389578353311
ENSG00000179820	MYADM	protein_coding	6890.85713471401	-1.21749647927686	0.349001503963041	-3.48930825370382	0.000484272350461157	0.00949585728859548
ENSG00000257767	AC002996.1	protein_coding	59.9300021049551	-1.37227271715634	0.392798416723529	-3.48883820266278	0.000485124693710193	0.00950220818911
ENSG00000164849	GPR146	protein_coding	92.2139662579571	-1.22351330315655	0.350878257772841	-3.48470119699463	0.000492686897624303	0.00962477983047342
ENSG00000188322	SBK1	protein_coding	103.164482657115	-1.05598950626276	0.302884267090155	-3.48453755275477	0.000492988277841389	0.00962477983047342
ENSG00000237541	HLA-DQA2	protein_coding	541.114225072749	-1.08075021705565	0.310660090354606	-3.47883940465863	0.000503590280023208	0.00977867907677895
ENSG00000090975	PITPNM2	protein_coding	167.556417625844	1.05317631792912	0.302771892132902	3.47717205377873	0.00050673253080597	0.00981848883235146
ENSG00000121316	PLBD1	protein_coding	134.304812978586	-1.28724020827423	0.370425722841872	-3.47437493175633	0.000512045006142041	0.0098788425487554
ENSG00000197872	FAM49A	protein_coding	292.7021674021	-1.31132715773821	0.37753322517737	-3.47390420274977	0.000512944132638896	0.00988558247479099
ENSG00000152229	PSTPIP2	protein_coding	334.911443057857	-1.04447612966384	0.300687647064203	-3.47360735751668	0.000513511884954331	0.00988592848325892
ENSG00000184828	ZBTB7C	protein_coding	7.96821830626898	-1.62278138872819	0.492233831192856	-3.47288460263517	0.000514896691157094	0.0099019865280168
ENSG00000105383	CD33	protein_coding	40.0503116334033	-1.4000659987336	0.402905010707602	-3.47198799268015	0.000516619443190968	0.0099245023589923
ENSG00000005249	PRKAR2B	protein_coding	108.268481089896	-1.00918089335265	0.290603928693277	-3.47113421653764	0.000518264886378297	0.00993488371211958
